[
    {
        "PrefixOrigin":  2,
        "SuffixOrigin":  4,
        "Type":  1,
        "Store":  1,
        "AddressFamily":  23,
        "AddressState":  4,
        "ifIndex":  21,
        "Caption":  null,
        "Description":  null,
        "ElementName":  null,
        "InstanceID":  null,
        "CommunicationStatus":  null,
        "DetailedStatus":  null,
        "HealthState":  null,
        "InstallDate":  null,
        "Name":  "poB:DD\u003c@:;DAml:D=p;\u003eDB=B\u003e/\u003c;55\u003c;55;55;",
        "OperatingStatus":  null,
        "OperationalStatus":  null,
        "PrimaryStatus":  null,
        "Status":  null,
        "StatusDescriptions":  null,
        "AvailableRequestedStates":  null,
        "EnabledDefault":  2,
        "EnabledState":  null,
        "OtherEnabledState":  null,
        "RequestedState":  12,
        "TimeOfLastStateChange":  null,
        "TransitioningToState":  12,
        "CreationClassName":  "",
        "SystemCreationClassName":  "",
        "SystemName":  "",
        "NameFormat":  null,
        "OtherTypeDescription":  null,
        "ProtocolIFType":  4096,
        "ProtocolType":  null,
        "Address":  null,
        "AddressOrigin":  0,
        "AddressType":  null,
        "IPv4Address":  null,
        "IPv6Address":  "fe80::2601:7cb0:3f14:8384%21",
        "IPVersionSupport":  null,
        "PrefixLength":  64,
        "SubnetMask":  null,
        "InterfaceAlias":  "Ethernet 9",
        "InterfaceIndex":  21,
        "IPAddress":  "fe80::2601:7cb0:3f14:8384%21",
        "PreferredLifetime":  {
                                  "Ticks":  9223372036854775807,
                                  "Days":  10675199,
                                  "Hours":  2,
                                  "Milliseconds":  477,
                                  "Minutes":  48,
                                  "Seconds":  5,
                                  "TotalDays":  10675199.116730064,
                                  "TotalHours":  256204778.80152154,
                                  "TotalMilliseconds":  922337203685477,
                                  "TotalMinutes":  15372286728.091293,
                                  "TotalSeconds":  922337203685.47754
                              },
        "SkipAsSource":  false,
        "ValidLifetime":  {
                              "Ticks":  9223372036854775807,
                              "Days":  10675199,
                              "Hours":  2,
                              "Milliseconds":  477,
                              "Minutes":  48,
                              "Seconds":  5,
                              "TotalDays":  10675199.116730064,
                              "TotalHours":  256204778.80152154,
                              "TotalMilliseconds":  922337203685477,
                              "TotalMinutes":  15372286728.091293,
                              "TotalSeconds":  922337203685.47754
                          },
        "PSComputerName":  null
    },
    {
        "PrefixOrigin":  2,
        "SuffixOrigin":  2,
        "Type":  1,
        "Store":  1,
        "AddressFamily":  23,
        "AddressState":  4,
        "ifIndex":  1,
        "Caption":  null,
        "Description":  null,
        "ElementName":  null,
        "InstanceID":  null,
        "CommunicationStatus":  null,
        "DetailedStatus":  null,
        "HealthState":  null,
        "InstallDate":  null,
        "Name":  "DD;55;55;55;",
        "OperatingStatus":  null,
        "OperationalStatus":  null,
        "PrimaryStatus":  null,
        "Status":  null,
        "StatusDescriptions":  null,
        "AvailableRequestedStates":  null,
        "EnabledDefault":  2,
        "EnabledState":  null,
        "OtherEnabledState":  null,
        "RequestedState":  12,
        "TimeOfLastStateChange":  null,
        "TransitioningToState":  12,
        "CreationClassName":  "",
        "SystemCreationClassName":  "",
        "SystemName":  "",
        "NameFormat":  null,
        "OtherTypeDescription":  null,
        "ProtocolIFType":  4096,
        "ProtocolType":  null,
        "Address":  null,
        "AddressOrigin":  0,
        "AddressType":  null,
        "IPv4Address":  null,
        "IPv6Address":  "::1",
        "IPVersionSupport":  null,
        "PrefixLength":  128,
        "SubnetMask":  null,
        "InterfaceAlias":  "Loopback Pseudo-Interface 1",
        "InterfaceIndex":  1,
        "IPAddress":  "::1",
        "PreferredLifetime":  {
                                  "Ticks":  9223372036854775807,
                                  "Days":  10675199,
                                  "Hours":  2,
                                  "Milliseconds":  477,
                                  "Minutes":  48,
                                  "Seconds":  5,
                                  "TotalDays":  10675199.116730064,
                                  "TotalHours":  256204778.80152154,
                                  "TotalMilliseconds":  922337203685477,
                                  "TotalMinutes":  15372286728.091293,
                                  "TotalSeconds":  922337203685.47754
                              },
        "SkipAsSource":  false,
        "ValidLifetime":  {
                              "Ticks":  9223372036854775807,
                              "Days":  10675199,
                              "Hours":  2,
                              "Milliseconds":  477,
                              "Minutes":  48,
                              "Seconds":  5,
                              "TotalDays":  10675199.116730064,
                              "TotalHours":  256204778.80152154,
                              "TotalMilliseconds":  922337203685477,
                              "TotalMinutes":  15372286728.091293,
                              "TotalSeconds":  922337203685.47754
                          },
        "PSComputerName":  null
    },
    {
        "PrefixOrigin":  3,
        "SuffixOrigin":  3,
        "Type":  1,
        "Store":  1,
        "AddressFamily":  2,
        "AddressState":  4,
        "ifIndex":  21,
        "Caption":  null,
        "Description":  null,
        "ElementName":  null,
        "InstanceID":  null,
        "CommunicationStatus":  null,
        "DetailedStatus":  null,
        "HealthState":  null,
        "InstallDate":  null,
        "Name":  ";:8:8:8;;55\u003c;55;55;",
        "OperatingStatus":  null,
        "OperationalStatus":  null,
        "PrimaryStatus":  null,
        "Status":  null,
        "StatusDescriptions":  null,
        "AvailableRequestedStates":  null,
        "EnabledDefault":  2,
        "EnabledState":  null,
        "OtherEnabledState":  null,
        "RequestedState":  12,
        "TimeOfLastStateChange":  null,
        "TransitioningToState":  12,
        "CreationClassName":  "",
        "SystemCreationClassName":  "",
        "SystemName":  "",
        "NameFormat":  null,
        "OtherTypeDescription":  null,
        "ProtocolIFType":  4096,
        "ProtocolType":  null,
        "Address":  null,
        "AddressOrigin":  0,
        "AddressType":  null,
        "IPv4Address":  "10.0.0.11",
        "IPv6Address":  null,
        "IPVersionSupport":  null,
        "PrefixLength":  24,
        "SubnetMask":  null,
        "InterfaceAlias":  "Ethernet 9",
        "InterfaceIndex":  21,
        "IPAddress":  "10.0.0.11",
        "PreferredLifetime":  {
                                  "Ticks":  9223372036854775807,
                                  "Days":  10675199,
                                  "Hours":  2,
                                  "Milliseconds":  477,
                                  "Minutes":  48,
                                  "Seconds":  5,
                                  "TotalDays":  10675199.116730064,
                                  "TotalHours":  256204778.80152154,
                                  "TotalMilliseconds":  922337203685477,
                                  "TotalMinutes":  15372286728.091293,
                                  "TotalSeconds":  922337203685.47754
                              },
        "SkipAsSource":  false,
        "ValidLifetime":  {
                              "Ticks":  9223372036854775807,
                              "Days":  10675199,
                              "Hours":  2,
                              "Milliseconds":  477,
                              "Minutes":  48,
                              "Seconds":  5,
                              "TotalDays":  10675199.116730064,
                              "TotalHours":  256204778.80152154,
                              "TotalMilliseconds":  922337203685477,
                              "TotalMinutes":  15372286728.091293,
                              "TotalSeconds":  922337203685.47754
                          },
        "PSComputerName":  null
    },
    {
        "PrefixOrigin":  2,
        "SuffixOrigin":  2,
        "Type":  1,
        "Store":  1,
        "AddressFamily":  2,
        "AddressState":  4,
        "ifIndex":  1,
        "Caption":  null,
        "Description":  null,
        "ElementName":  null,
        "InstanceID":  null,
        "CommunicationStatus":  null,
        "DetailedStatus":  null,
        "HealthState":  null,
        "InstallDate":  null,
        "Name":  ";\u003cA8:8:8;55;55;55;",
        "OperatingStatus":  null,
        "OperationalStatus":  null,
        "PrimaryStatus":  null,
        "Status":  null,
        "StatusDescriptions":  null,
        "AvailableRequestedStates":  null,
        "EnabledDefault":  2,
        "EnabledState":  null,
        "OtherEnabledState":  null,
        "RequestedState":  12,
        "TimeOfLastStateChange":  null,
        "TransitioningToState":  12,
        "CreationClassName":  "",
        "SystemCreationClassName":  "",
        "SystemName":  "",
        "NameFormat":  null,
        "OtherTypeDescription":  null,
        "ProtocolIFType":  4096,
        "ProtocolType":  null,
        "Address":  null,
        "AddressOrigin":  0,
        "AddressType":  null,
        "IPv4Address":  "127.0.0.1",
        "IPv6Address":  null,
        "IPVersionSupport":  null,
        "PrefixLength":  8,
        "SubnetMask":  null,
        "InterfaceAlias":  "Loopback Pseudo-Interface 1",
        "InterfaceIndex":  1,
        "IPAddress":  "127.0.0.1",
        "PreferredLifetime":  {
                                  "Ticks":  9223372036854775807,
                                  "Days":  10675199,
                                  "Hours":  2,
                                  "Milliseconds":  477,
                                  "Minutes":  48,
                                  "Seconds":  5,
                                  "TotalDays":  10675199.116730064,
                                  "TotalHours":  256204778.80152154,
                                  "TotalMilliseconds":  922337203685477,
                                  "TotalMinutes":  15372286728.091293,
                                  "TotalSeconds":  922337203685.47754
                              },
        "SkipAsSource":  false,
        "ValidLifetime":  {
                              "Ticks":  9223372036854775807,
                              "Days":  10675199,
                              "Hours":  2,
                              "Milliseconds":  477,
                              "Minutes":  48,
                              "Seconds":  5,
                              "TotalDays":  10675199.116730064,
                              "TotalHours":  256204778.80152154,
                              "TotalMilliseconds":  922337203685477,
                              "TotalMinutes":  15372286728.091293,
                              "TotalSeconds":  922337203685.47754
                          },
        "PSComputerName":  null
    }
]
