[
    {
        "Publish":  0,
        "Protocol":  2,
        "Store":  1,
        "AddressFamily":  2,
        "State":  0,
        "ifIndex":  21,
        "Caption":  null,
        "Description":  null,
        "ElementName":  null,
        "InstanceID":  "\u003c??8\u003c??8\u003c??8\u003c??9=\u003c55\u003c;55:8:8:8:55;",
        "AdminDistance":  null,
        "DestinationAddress":  null,
        "IsStatic":  null,
        "RouteMetric":  256,
        "TypeOfRoute":  3,
        "CompartmentId":  1,
        "DestinationPrefix":  "255.255.255.255/32",
        "InterfaceAlias":  "Ethernet 9",
        "InterfaceIndex":  21,
        "InterfaceMetric":  5,
        "NextHop":  "0.0.0.0",
        "PreferredLifetime":  {
                                  "Ticks":  9223372036854775807,
                                  "Days":  10675199,
                                  "Hours":  2,
                                  "Milliseconds":  477,
                                  "Minutes":  48,
                                  "Seconds":  5,
                                  "TotalDays":  10675199.116730064,
                                  "TotalHours":  256204778.80152154,
                                  "TotalMilliseconds":  922337203685477,
                                  "TotalMinutes":  15372286728.091293,
                                  "TotalSeconds":  922337203685.47754
                              },
        "ValidLifetime":  {
                              "Ticks":  9223372036854775807,
                              "Days":  10675199,
                              "Hours":  2,
                              "Milliseconds":  477,
                              "Minutes":  48,
                              "Seconds":  5,
                              "TotalDays":  10675199.116730064,
                              "TotalHours":  256204778.80152154,
                              "TotalMilliseconds":  922337203685477,
                              "TotalMinutes":  15372286728.091293,
                              "TotalSeconds":  922337203685.47754
                          },
        "PSComputerName":  null
    },
    {
        "Publish":  0,
        "Protocol":  2,
        "Store":  1,
        "AddressFamily":  2,
        "State":  0,
        "ifIndex":  1,
        "Caption":  null,
        "Description":  null,
        "ElementName":  null,
        "InstanceID":  "\u003c??8\u003c??8\u003c??8\u003c??9=\u003c55;55:8:8:8:55;",
        "AdminDistance":  null,
        "DestinationAddress":  null,
        "IsStatic":  null,
        "RouteMetric":  256,
        "TypeOfRoute":  3,
        "CompartmentId":  1,
        "DestinationPrefix":  "255.255.255.255/32",
        "InterfaceAlias":  "Loopback Pseudo-Interface 1",
        "InterfaceIndex":  1,
        "InterfaceMetric":  75,
        "NextHop":  "0.0.0.0",
        "PreferredLifetime":  {
                                  "Ticks":  9223372036854775807,
                                  "Days":  10675199,
                                  "Hours":  2,
                                  "Milliseconds":  477,
                                  "Minutes":  48,
                                  "Seconds":  5,
                                  "TotalDays":  10675199.116730064,
                                  "TotalHours":  256204778.80152154,
                                  "TotalMilliseconds":  922337203685477,
                                  "TotalMinutes":  15372286728.091293,
                                  "TotalSeconds":  922337203685.47754
                              },
        "ValidLifetime":  {
                              "Ticks":  9223372036854775807,
                              "Days":  10675199,
                              "Hours":  2,
                              "Milliseconds":  477,
                              "Minutes":  48,
                              "Seconds":  5,
                              "TotalDays":  10675199.116730064,
                              "TotalHours":  256204778.80152154,
                              "TotalMilliseconds":  922337203685477,
                              "TotalMinutes":  15372286728.091293,
                              "TotalSeconds":  922337203685.47754
                          },
        "PSComputerName":  null
    },
    {
        "Publish":  0,
        "Protocol":  2,
        "Store":  1,
        "AddressFamily":  2,
        "State":  0,
        "ifIndex":  21,
        "Caption":  null,
        "Description":  null,
        "ElementName":  null,
        "InstanceID":  "\u003c\u003c\u003e8:8:8:9\u003e55\u003c;55:8:8:8:55;",
        "AdminDistance":  null,
        "DestinationAddress":  null,
        "IsStatic":  null,
        "RouteMetric":  256,
        "TypeOfRoute":  3,
        "CompartmentId":  1,
        "DestinationPrefix":  "224.0.0.0/4",
        "InterfaceAlias":  "Ethernet 9",
        "InterfaceIndex":  21,
        "InterfaceMetric":  5,
        "NextHop":  "0.0.0.0",
        "PreferredLifetime":  {
                                  "Ticks":  9223372036854775807,
                                  "Days":  10675199,
                                  "Hours":  2,
                                  "Milliseconds":  477,
                                  "Minutes":  48,
                                  "Seconds":  5,
                                  "TotalDays":  10675199.116730064,
                                  "TotalHours":  256204778.80152154,
                                  "TotalMilliseconds":  922337203685477,
                                  "TotalMinutes":  15372286728.091293,
                                  "TotalSeconds":  922337203685.47754
                              },
        "ValidLifetime":  {
                              "Ticks":  9223372036854775807,
                              "Days":  10675199,
                              "Hours":  2,
                              "Milliseconds":  477,
                              "Minutes":  48,
                              "Seconds":  5,
                              "TotalDays":  10675199.116730064,
                              "TotalHours":  256204778.80152154,
                              "TotalMilliseconds":  922337203685477,
                              "TotalMinutes":  15372286728.091293,
                              "TotalSeconds":  922337203685.47754
                          },
        "PSComputerName":  null
    },
    {
        "Publish":  0,
        "Protocol":  2,
        "Store":  1,
        "AddressFamily":  2,
        "State":  0,
        "ifIndex":  1,
        "Caption":  null,
        "Description":  null,
        "ElementName":  null,
        "InstanceID":  "\u003c\u003c\u003e8:8:8:9\u003e55;55:8:8:8:55;",
        "AdminDistance":  null,
        "DestinationAddress":  null,
        "IsStatic":  null,
        "RouteMetric":  256,
        "TypeOfRoute":  3,
        "CompartmentId":  1,
        "DestinationPrefix":  "224.0.0.0/4",
        "InterfaceAlias":  "Loopback Pseudo-Interface 1",
        "InterfaceIndex":  1,
        "InterfaceMetric":  75,
        "NextHop":  "0.0.0.0",
        "PreferredLifetime":  {
                                  "Ticks":  9223372036854775807,
                                  "Days":  10675199,
                                  "Hours":  2,
                                  "Milliseconds":  477,
                                  "Minutes":  48,
                                  "Seconds":  5,
                                  "TotalDays":  10675199.116730064,
                                  "TotalHours":  256204778.80152154,
                                  "TotalMilliseconds":  922337203685477,
                                  "TotalMinutes":  15372286728.091293,
                                  "TotalSeconds":  922337203685.47754
                              },
        "ValidLifetime":  {
                              "Ticks":  9223372036854775807,
                              "Days":  10675199,
                              "Hours":  2,
                              "Milliseconds":  477,
                              "Minutes":  48,
                              "Seconds":  5,
                              "TotalDays":  10675199.116730064,
                              "TotalHours":  256204778.80152154,
                              "TotalMilliseconds":  922337203685477,
                              "TotalMinutes":  15372286728.091293,
                              "TotalSeconds":  922337203685.47754
                          },
        "PSComputerName":  null
    },
    {
        "Publish":  0,
        "Protocol":  3,
        "Store":  1,
        "AddressFamily":  2,
        "State":  0,
        "ifIndex":  21,
        "Caption":  null,
        "Description":  null,
        "ElementName":  null,
        "InstanceID":  ";@C8\u003c?\u003e8;@C8\u003c?\u003e9=\u003c55\u003c;55;:8:8:8;55;",
        "AdminDistance":  null,
        "DestinationAddress":  null,
        "IsStatic":  null,
        "RouteMetric":  1,
        "TypeOfRoute":  3,
        "CompartmentId":  1,
        "DestinationPrefix":  "169.254.169.254/32",
        "InterfaceAlias":  "Ethernet 9",
        "InterfaceIndex":  21,
        "InterfaceMetric":  5,
        "NextHop":  "10.0.0.1",
        "PreferredLifetime":  {
                                  "Ticks":  9223372036854775807,
                                  "Days":  10675199,
                                  "Hours":  2,
                                  "Milliseconds":  477,
                                  "Minutes":  48,
                                  "Seconds":  5,
                                  "TotalDays":  10675199.116730064,
                                  "TotalHours":  256204778.80152154,
                                  "TotalMilliseconds":  922337203685477,
                                  "TotalMinutes":  15372286728.091293,
                                  "TotalSeconds":  922337203685.47754
                              },
        "ValidLifetime":  {
                              "Ticks":  9223372036854775807,
                              "Days":  10675199,
                              "Hours":  2,
                              "Milliseconds":  477,
                              "Minutes":  48,
                              "Seconds":  5,
                              "TotalDays":  10675199.116730064,
                              "TotalHours":  256204778.80152154,
                              "TotalMilliseconds":  922337203685477,
                              "TotalMinutes":  15372286728.091293,
                              "TotalSeconds":  922337203685.47754
                          },
        "PSComputerName":  null
    },
    {
        "Publish":  0,
        "Protocol":  3,
        "Store":  1,
        "AddressFamily":  2,
        "State":  0,
        "ifIndex":  21,
        "Caption":  null,
        "Description":  null,
        "ElementName":  null,
        "InstanceID":  ";@B8@=8;\u003cC8;@9=\u003c55\u003c;55;:8:8:8;55;",
        "AdminDistance":  null,
        "DestinationAddress":  null,
        "IsStatic":  null,
        "RouteMetric":  1,
        "TypeOfRoute":  3,
        "CompartmentId":  1,
        "DestinationPrefix":  "168.63.129.16/32",
        "InterfaceAlias":  "Ethernet 9",
        "InterfaceIndex":  21,
        "InterfaceMetric":  5,
        "NextHop":  "10.0.0.1",
        "PreferredLifetime":  {
                                  "Ticks":  9223372036854775807,
                                  "Days":  10675199,
                                  "Hours":  2,
                                  "Milliseconds":  477,
                                  "Minutes":  48,
                                  "Seconds":  5,
                                  "TotalDays":  10675199.116730064,
                                  "TotalHours":  256204778.80152154,
                                  "TotalMilliseconds":  922337203685477,
                                  "TotalMinutes":  15372286728.091293,
                                  "TotalSeconds":  922337203685.47754
                              },
        "ValidLifetime":  {
                              "Ticks":  9223372036854775807,
                              "Days":  10675199,
                              "Hours":  2,
                              "Milliseconds":  477,
                              "Minutes":  48,
                              "Seconds":  5,
                              "TotalDays":  10675199.116730064,
                              "TotalHours":  256204778.80152154,
                              "TotalMilliseconds":  922337203685477,
                              "TotalMinutes":  15372286728.091293,
                              "TotalSeconds":  922337203685.47754
                          },
        "PSComputerName":  null
    },
    {
        "Publish":  0,
        "Protocol":  2,
        "Store":  1,
        "AddressFamily":  2,
        "State":  0,
        "ifIndex":  1,
        "Caption":  null,
        "Description":  null,
        "ElementName":  null,
        "InstanceID":  ";\u003cA8\u003c??8\u003c??8\u003c??9=\u003c55;55:8:8:8:55;",
        "AdminDistance":  null,
        "DestinationAddress":  null,
        "IsStatic":  null,
        "RouteMetric":  256,
        "TypeOfRoute":  3,
        "CompartmentId":  1,
        "DestinationPrefix":  "127.255.255.255/32",
        "InterfaceAlias":  "Loopback Pseudo-Interface 1",
        "InterfaceIndex":  1,
        "InterfaceMetric":  75,
        "NextHop":  "0.0.0.0",
        "PreferredLifetime":  {
                                  "Ticks":  9223372036854775807,
                                  "Days":  10675199,
                                  "Hours":  2,
                                  "Milliseconds":  477,
                                  "Minutes":  48,
                                  "Seconds":  5,
                                  "TotalDays":  10675199.116730064,
                                  "TotalHours":  256204778.80152154,
                                  "TotalMilliseconds":  922337203685477,
                                  "TotalMinutes":  15372286728.091293,
                                  "TotalSeconds":  922337203685.47754
                              },
        "ValidLifetime":  {
                              "Ticks":  9223372036854775807,
                              "Days":  10675199,
                              "Hours":  2,
                              "Milliseconds":  477,
                              "Minutes":  48,
                              "Seconds":  5,
                              "TotalDays":  10675199.116730064,
                              "TotalHours":  256204778.80152154,
                              "TotalMilliseconds":  922337203685477,
                              "TotalMinutes":  15372286728.091293,
                              "TotalSeconds":  922337203685.47754
                          },
        "PSComputerName":  null
    },
    {
        "Publish":  0,
        "Protocol":  2,
        "Store":  1,
        "AddressFamily":  2,
        "State":  0,
        "ifIndex":  1,
        "Caption":  null,
        "Description":  null,
        "ElementName":  null,
        "InstanceID":  ";\u003cA8:8:8;9=\u003c55;55:8:8:8:55;",
        "AdminDistance":  null,
        "DestinationAddress":  null,
        "IsStatic":  null,
        "RouteMetric":  256,
        "TypeOfRoute":  3,
        "CompartmentId":  1,
        "DestinationPrefix":  "127.0.0.1/32",
        "InterfaceAlias":  "Loopback Pseudo-Interface 1",
        "InterfaceIndex":  1,
        "InterfaceMetric":  75,
        "NextHop":  "0.0.0.0",
        "PreferredLifetime":  {
                                  "Ticks":  9223372036854775807,
                                  "Days":  10675199,
                                  "Hours":  2,
                                  "Milliseconds":  477,
                                  "Minutes":  48,
                                  "Seconds":  5,
                                  "TotalDays":  10675199.116730064,
                                  "TotalHours":  256204778.80152154,
                                  "TotalMilliseconds":  922337203685477,
                                  "TotalMinutes":  15372286728.091293,
                                  "TotalSeconds":  922337203685.47754
                              },
        "ValidLifetime":  {
                              "Ticks":  9223372036854775807,
                              "Days":  10675199,
                              "Hours":  2,
                              "Milliseconds":  477,
                              "Minutes":  48,
                              "Seconds":  5,
                              "TotalDays":  10675199.116730064,
                              "TotalHours":  256204778.80152154,
                              "TotalMilliseconds":  922337203685477,
                              "TotalMinutes":  15372286728.091293,
                              "TotalSeconds":  922337203685.47754
                          },
        "PSComputerName":  null
    },
    {
        "Publish":  0,
        "Protocol":  2,
        "Store":  1,
        "AddressFamily":  2,
        "State":  0,
        "ifIndex":  1,
        "Caption":  null,
        "Description":  null,
        "ElementName":  null,
        "InstanceID":  ";\u003cA8:8:8:9B55;55:8:8:8:55;",
        "AdminDistance":  null,
        "DestinationAddress":  null,
        "IsStatic":  null,
        "RouteMetric":  256,
        "TypeOfRoute":  3,
        "CompartmentId":  1,
        "DestinationPrefix":  "127.0.0.0/8",
        "InterfaceAlias":  "Loopback Pseudo-Interface 1",
        "InterfaceIndex":  1,
        "InterfaceMetric":  75,
        "NextHop":  "0.0.0.0",
        "PreferredLifetime":  {
                                  "Ticks":  9223372036854775807,
                                  "Days":  10675199,
                                  "Hours":  2,
                                  "Milliseconds":  477,
                                  "Minutes":  48,
                                  "Seconds":  5,
                                  "TotalDays":  10675199.116730064,
                                  "TotalHours":  256204778.80152154,
                                  "TotalMilliseconds":  922337203685477,
                                  "TotalMinutes":  15372286728.091293,
                                  "TotalSeconds":  922337203685.47754
                              },
        "ValidLifetime":  {
                              "Ticks":  9223372036854775807,
                              "Days":  10675199,
                              "Hours":  2,
                              "Milliseconds":  477,
                              "Minutes":  48,
                              "Seconds":  5,
                              "TotalDays":  10675199.116730064,
                              "TotalHours":  256204778.80152154,
                              "TotalMilliseconds":  922337203685477,
                              "TotalMinutes":  15372286728.091293,
                              "TotalSeconds":  922337203685.47754
                          },
        "PSComputerName":  null
    },
    {
        "Publish":  0,
        "Protocol":  2,
        "Store":  1,
        "AddressFamily":  2,
        "State":  0,
        "ifIndex":  21,
        "Caption":  null,
        "Description":  null,
        "ElementName":  null,
        "InstanceID":  ";:8:8:8\u003c??9=\u003c55\u003c;55:8:8:8:55;",
        "AdminDistance":  null,
        "DestinationAddress":  null,
        "IsStatic":  null,
        "RouteMetric":  256,
        "TypeOfRoute":  3,
        "CompartmentId":  1,
        "DestinationPrefix":  "10.0.0.255/32",
        "InterfaceAlias":  "Ethernet 9",
        "InterfaceIndex":  21,
        "InterfaceMetric":  5,
        "NextHop":  "0.0.0.0",
        "PreferredLifetime":  {
                                  "Ticks":  9223372036854775807,
                                  "Days":  10675199,
                                  "Hours":  2,
                                  "Milliseconds":  477,
                                  "Minutes":  48,
                                  "Seconds":  5,
                                  "TotalDays":  10675199.116730064,
                                  "TotalHours":  256204778.80152154,
                                  "TotalMilliseconds":  922337203685477,
                                  "TotalMinutes":  15372286728.091293,
                                  "TotalSeconds":  922337203685.47754
                              },
        "ValidLifetime":  {
                              "Ticks":  9223372036854775807,
                              "Days":  10675199,
                              "Hours":  2,
                              "Milliseconds":  477,
                              "Minutes":  48,
                              "Seconds":  5,
                              "TotalDays":  10675199.116730064,
                              "TotalHours":  256204778.80152154,
                              "TotalMilliseconds":  922337203685477,
                              "TotalMinutes":  15372286728.091293,
                              "TotalSeconds":  922337203685.47754
                          },
        "PSComputerName":  null
    },
    {
        "Publish":  0,
        "Protocol":  2,
        "Store":  1,
        "AddressFamily":  2,
        "State":  0,
        "ifIndex":  21,
        "Caption":  null,
        "Description":  null,
        "ElementName":  null,
        "InstanceID":  ";:8:8:8;;9=\u003c55\u003c;55:8:8:8:55;",
        "AdminDistance":  null,
        "DestinationAddress":  null,
        "IsStatic":  null,
        "RouteMetric":  256,
        "TypeOfRoute":  3,
        "CompartmentId":  1,
        "DestinationPrefix":  "10.0.0.11/32",
        "InterfaceAlias":  "Ethernet 9",
        "InterfaceIndex":  21,
        "InterfaceMetric":  5,
        "NextHop":  "0.0.0.0",
        "PreferredLifetime":  {
                                  "Ticks":  9223372036854775807,
                                  "Days":  10675199,
                                  "Hours":  2,
                                  "Milliseconds":  477,
                                  "Minutes":  48,
                                  "Seconds":  5,
                                  "TotalDays":  10675199.116730064,
                                  "TotalHours":  256204778.80152154,
                                  "TotalMilliseconds":  922337203685477,
                                  "TotalMinutes":  15372286728.091293,
                                  "TotalSeconds":  922337203685.47754
                              },
        "ValidLifetime":  {
                              "Ticks":  9223372036854775807,
                              "Days":  10675199,
                              "Hours":  2,
                              "Milliseconds":  477,
                              "Minutes":  48,
                              "Seconds":  5,
                              "TotalDays":  10675199.116730064,
                              "TotalHours":  256204778.80152154,
                              "TotalMilliseconds":  922337203685477,
                              "TotalMinutes":  15372286728.091293,
                              "TotalSeconds":  922337203685.47754
                          },
        "PSComputerName":  null
    },
    {
        "Publish":  0,
        "Protocol":  2,
        "Store":  1,
        "AddressFamily":  2,
        "State":  0,
        "ifIndex":  21,
        "Caption":  null,
        "Description":  null,
        "ElementName":  null,
        "InstanceID":  ";:8:8:8:9\u003c\u003e55\u003c;55:8:8:8:55;",
        "AdminDistance":  null,
        "DestinationAddress":  null,
        "IsStatic":  null,
        "RouteMetric":  256,
        "TypeOfRoute":  3,
        "CompartmentId":  1,
        "DestinationPrefix":  "10.0.0.0/24",
        "InterfaceAlias":  "Ethernet 9",
        "InterfaceIndex":  21,
        "InterfaceMetric":  5,
        "NextHop":  "0.0.0.0",
        "PreferredLifetime":  {
                                  "Ticks":  9223372036854775807,
                                  "Days":  10675199,
                                  "Hours":  2,
                                  "Milliseconds":  477,
                                  "Minutes":  48,
                                  "Seconds":  5,
                                  "TotalDays":  10675199.116730064,
                                  "TotalHours":  256204778.80152154,
                                  "TotalMilliseconds":  922337203685477,
                                  "TotalMinutes":  15372286728.091293,
                                  "TotalSeconds":  922337203685.47754
                              },
        "ValidLifetime":  {
                              "Ticks":  9223372036854775807,
                              "Days":  10675199,
                              "Hours":  2,
                              "Milliseconds":  477,
                              "Minutes":  48,
                              "Seconds":  5,
                              "TotalDays":  10675199.116730064,
                              "TotalHours":  256204778.80152154,
                              "TotalMilliseconds":  922337203685477,
                              "TotalMinutes":  15372286728.091293,
                              "TotalSeconds":  922337203685.47754
                          },
        "PSComputerName":  null
    },
    {
        "Publish":  0,
        "Protocol":  3,
        "Store":  1,
        "AddressFamily":  2,
        "State":  0,
        "ifIndex":  21,
        "Caption":  null,
        "Description":  null,
        "ElementName":  null,
        "InstanceID":  ":8:8:8:9:55\u003c;55;:8:8:8;55;",
        "AdminDistance":  null,
        "DestinationAddress":  null,
        "IsStatic":  null,
        "RouteMetric":  0,
        "TypeOfRoute":  3,
        "CompartmentId":  1,
        "DestinationPrefix":  "0.0.0.0/0",
        "InterfaceAlias":  "Ethernet 9",
        "InterfaceIndex":  21,
        "InterfaceMetric":  5,
        "NextHop":  "10.0.0.1",
        "PreferredLifetime":  {
                                  "Ticks":  9223372036854775807,
                                  "Days":  10675199,
                                  "Hours":  2,
                                  "Milliseconds":  477,
                                  "Minutes":  48,
                                  "Seconds":  5,
                                  "TotalDays":  10675199.116730064,
                                  "TotalHours":  256204778.80152154,
                                  "TotalMilliseconds":  922337203685477,
                                  "TotalMinutes":  15372286728.091293,
                                  "TotalSeconds":  922337203685.47754
                              },
        "ValidLifetime":  {
                              "Ticks":  9223372036854775807,
                              "Days":  10675199,
                              "Hours":  2,
                              "Milliseconds":  477,
                              "Minutes":  48,
                              "Seconds":  5,
                              "TotalDays":  10675199.116730064,
                              "TotalHours":  256204778.80152154,
                              "TotalMilliseconds":  922337203685477,
                              "TotalMinutes":  15372286728.091293,
                              "TotalSeconds":  922337203685.47754
                          },
        "PSComputerName":  null
    },
    {
        "Publish":  0,
        "Protocol":  2,
        "Store":  1,
        "AddressFamily":  23,
        "State":  0,
        "ifIndex":  21,
        "Caption":  null,
        "Description":  null,
        "ElementName":  null,
        "InstanceID":  "pp::DD9B55\u003c;55DD55;",
        "AdminDistance":  null,
        "DestinationAddress":  null,
        "IsStatic":  null,
        "RouteMetric":  256,
        "TypeOfRoute":  3,
        "CompartmentId":  1,
        "DestinationPrefix":  "ff00::/8",
        "InterfaceAlias":  "Ethernet 9",
        "InterfaceIndex":  21,
        "InterfaceMetric":  5,
        "NextHop":  "::",
        "PreferredLifetime":  {
                                  "Ticks":  9223372036854775807,
                                  "Days":  10675199,
                                  "Hours":  2,
                                  "Milliseconds":  477,
                                  "Minutes":  48,
                                  "Seconds":  5,
                                  "TotalDays":  10675199.116730064,
                                  "TotalHours":  256204778.80152154,
                                  "TotalMilliseconds":  922337203685477,
                                  "TotalMinutes":  15372286728.091293,
                                  "TotalSeconds":  922337203685.47754
                              },
        "ValidLifetime":  {
                              "Ticks":  9223372036854775807,
                              "Days":  10675199,
                              "Hours":  2,
                              "Milliseconds":  477,
                              "Minutes":  48,
                              "Seconds":  5,
                              "TotalDays":  10675199.116730064,
                              "TotalHours":  256204778.80152154,
                              "TotalMilliseconds":  922337203685477,
                              "TotalMinutes":  15372286728.091293,
                              "TotalSeconds":  922337203685.47754
                          },
        "PSComputerName":  null
    },
    {
        "Publish":  0,
        "Protocol":  2,
        "Store":  1,
        "AddressFamily":  23,
        "State":  0,
        "ifIndex":  1,
        "Caption":  null,
        "Description":  null,
        "ElementName":  null,
        "InstanceID":  "pp::DD9B55;55DD55;",
        "AdminDistance":  null,
        "DestinationAddress":  null,
        "IsStatic":  null,
        "RouteMetric":  256,
        "TypeOfRoute":  3,
        "CompartmentId":  1,
        "DestinationPrefix":  "ff00::/8",
        "InterfaceAlias":  "Loopback Pseudo-Interface 1",
        "InterfaceIndex":  1,
        "InterfaceMetric":  75,
        "NextHop":  "::",
        "PreferredLifetime":  {
                                  "Ticks":  9223372036854775807,
                                  "Days":  10675199,
                                  "Hours":  2,
                                  "Milliseconds":  477,
                                  "Minutes":  48,
                                  "Seconds":  5,
                                  "TotalDays":  10675199.116730064,
                                  "TotalHours":  256204778.80152154,
                                  "TotalMilliseconds":  922337203685477,
                                  "TotalMinutes":  15372286728.091293,
                                  "TotalSeconds":  922337203685.47754
                              },
        "ValidLifetime":  {
                              "Ticks":  9223372036854775807,
                              "Days":  10675199,
                              "Hours":  2,
                              "Milliseconds":  477,
                              "Minutes":  48,
                              "Seconds":  5,
                              "TotalDays":  10675199.116730064,
                              "TotalHours":  256204778.80152154,
                              "TotalMilliseconds":  922337203685477,
                              "TotalMinutes":  15372286728.091293,
                              "TotalSeconds":  922337203685.47754
                          },
        "PSComputerName":  null
    },
    {
        "Publish":  0,
        "Protocol":  2,
        "Store":  1,
        "AddressFamily":  23,
        "State":  0,
        "ifIndex":  21,
        "Caption":  null,
        "Description":  null,
        "ElementName":  null,
        "InstanceID":  "poB:DD\u003c@:;DAml:D=p;\u003eDB=B\u003e9;\u003cB55\u003c;55DD55;",
        "AdminDistance":  null,
        "DestinationAddress":  null,
        "IsStatic":  null,
        "RouteMetric":  256,
        "TypeOfRoute":  3,
        "CompartmentId":  1,
        "DestinationPrefix":  "fe80::2601:7cb0:3f14:8384/128",
        "InterfaceAlias":  "Ethernet 9",
        "InterfaceIndex":  21,
        "InterfaceMetric":  5,
        "NextHop":  "::",
        "PreferredLifetime":  {
                                  "Ticks":  9223372036854775807,
                                  "Days":  10675199,
                                  "Hours":  2,
                                  "Milliseconds":  477,
                                  "Minutes":  48,
                                  "Seconds":  5,
                                  "TotalDays":  10675199.116730064,
                                  "TotalHours":  256204778.80152154,
                                  "TotalMilliseconds":  922337203685477,
                                  "TotalMinutes":  15372286728.091293,
                                  "TotalSeconds":  922337203685.47754
                              },
        "ValidLifetime":  {
                              "Ticks":  9223372036854775807,
                              "Days":  10675199,
                              "Hours":  2,
                              "Milliseconds":  477,
                              "Minutes":  48,
                              "Seconds":  5,
                              "TotalDays":  10675199.116730064,
                              "TotalHours":  256204778.80152154,
                              "TotalMilliseconds":  922337203685477,
                              "TotalMinutes":  15372286728.091293,
                              "TotalSeconds":  922337203685.47754
                          },
        "PSComputerName":  null
    },
    {
        "Publish":  0,
        "Protocol":  2,
        "Store":  1,
        "AddressFamily":  23,
        "State":  0,
        "ifIndex":  21,
        "Caption":  null,
        "Description":  null,
        "ElementName":  null,
        "InstanceID":  "poB:DD9@\u003e55\u003c;55DD55;",
        "AdminDistance":  null,
        "DestinationAddress":  null,
        "IsStatic":  null,
        "RouteMetric":  256,
        "TypeOfRoute":  3,
        "CompartmentId":  1,
        "DestinationPrefix":  "fe80::/64",
        "InterfaceAlias":  "Ethernet 9",
        "InterfaceIndex":  21,
        "InterfaceMetric":  5,
        "NextHop":  "::",
        "PreferredLifetime":  {
                                  "Ticks":  9223372036854775807,
                                  "Days":  10675199,
                                  "Hours":  2,
                                  "Milliseconds":  477,
                                  "Minutes":  48,
                                  "Seconds":  5,
                                  "TotalDays":  10675199.116730064,
                                  "TotalHours":  256204778.80152154,
                                  "TotalMilliseconds":  922337203685477,
                                  "TotalMinutes":  15372286728.091293,
                                  "TotalSeconds":  922337203685.47754
                              },
        "ValidLifetime":  {
                              "Ticks":  9223372036854775807,
                              "Days":  10675199,
                              "Hours":  2,
                              "Milliseconds":  477,
                              "Minutes":  48,
                              "Seconds":  5,
                              "TotalDays":  10675199.116730064,
                              "TotalHours":  256204778.80152154,
                              "TotalMilliseconds":  922337203685477,
                              "TotalMinutes":  15372286728.091293,
                              "TotalSeconds":  922337203685.47754
                          },
        "PSComputerName":  null
    },
    {
        "Publish":  0,
        "Protocol":  2,
        "Store":  1,
        "AddressFamily":  23,
        "State":  0,
        "ifIndex":  1,
        "Caption":  null,
        "Description":  null,
        "ElementName":  null,
        "InstanceID":  "DD;9;\u003cB55;55DD55;",
        "AdminDistance":  null,
        "DestinationAddress":  null,
        "IsStatic":  null,
        "RouteMetric":  256,
        "TypeOfRoute":  3,
        "CompartmentId":  1,
        "DestinationPrefix":  "::1/128",
        "InterfaceAlias":  "Loopback Pseudo-Interface 1",
        "InterfaceIndex":  1,
        "InterfaceMetric":  75,
        "NextHop":  "::",
        "PreferredLifetime":  {
                                  "Ticks":  9223372036854775807,
                                  "Days":  10675199,
                                  "Hours":  2,
                                  "Milliseconds":  477,
                                  "Minutes":  48,
                                  "Seconds":  5,
                                  "TotalDays":  10675199.116730064,
                                  "TotalHours":  256204778.80152154,
                                  "TotalMilliseconds":  922337203685477,
                                  "TotalMinutes":  15372286728.091293,
                                  "TotalSeconds":  922337203685.47754
                              },
        "ValidLifetime":  {
                              "Ticks":  9223372036854775807,
                              "Days":  10675199,
                              "Hours":  2,
                              "Milliseconds":  477,
                              "Minutes":  48,
                              "Seconds":  5,
                              "TotalDays":  10675199.116730064,
                              "TotalHours":  256204778.80152154,
                              "TotalMilliseconds":  922337203685477,
                              "TotalMinutes":  15372286728.091293,
                              "TotalSeconds":  922337203685.47754
                          },
        "PSComputerName":  null
    }
]
