[
    {
        "Store":  1,
        "AddressFamily":  23,
        "Forwarding":  0,
        "ClampMss":  0,
        "Advertising":  0,
        "NeighborUnreachabilityDetection":  1,
        "RouterDiscovery":  1,
        "NeighborDiscoverySupported":  1,
        "ManagedAddressConfiguration":  0,
        "OtherStatefulConfiguration":  0,
        "WeakHostSend":  0,
        "WeakHostReceive":  0,
        "IgnoreDefaultRoutes":  0,
        "AdvertiseDefaultRoute":  0,
        "ForceArpNdWolPattern":  0,
        "DirectedMacWolPattern":  0,
        "EcnMarking":  3,
        "Dhcp":  1,
        "ConnectionState":  1,
        "AutomaticMetric":  1,
        "ifIndex":  21,
        "ifAlias":  "Ethernet 9",
        "Caption":  null,
        "Description":  null,
        "ElementName":  null,
        "InstanceID":  null,
        "CommunicationStatus":  null,
        "DetailedStatus":  null,
        "HealthState":  null,
        "InstallDate":  null,
        "Name":  "\u003c;55\u003c=55;",
        "OperatingStatus":  null,
        "OperationalStatus":  null,
        "PrimaryStatus":  null,
        "Status":  null,
        "StatusDescriptions":  null,
        "AvailableRequestedStates":  null,
        "EnabledDefault":  2,
        "EnabledState":  null,
        "OtherEnabledState":  null,
        "RequestedState":  12,
        "TimeOfLastStateChange":  null,
        "TransitioningToState":  12,
        "CreationClassName":  "",
        "SystemCreationClassName":  "",
        "SystemName":  "",
        "NameFormat":  null,
        "OtherTypeDescription":  null,
        "ProtocolIFType":  null,
        "ProtocolType":  null,
        "AliasAddresses":  null,
        "GroupAddresses":  null,
        "LANID":  null,
        "LANType":  null,
        "MACAddress":  null,
        "MaxDataSize":  null,
        "OtherLANType":  null,
        "AdvertisedRouterLifetime":  {
                                         "Ticks":  18000000000,
                                         "Days":  0,
                                         "Hours":  0,
                                         "Milliseconds":  0,
                                         "Minutes":  30,
                                         "Seconds":  0,
                                         "TotalDays":  0.020833333333333332,
                                         "TotalHours":  0.5,
                                         "TotalMilliseconds":  1800000,
                                         "TotalMinutes":  30,
                                         "TotalSeconds":  1800
                                     },
        "BaseReachableTime":  30000,
        "CompartmentId":  1,
        "CurrentHopLimit":  0,
        "DadRetransmitTime":  1000,
        "DadTransmits":  1,
        "InterfaceAlias":  "Ethernet 9",
        "InterfaceIndex":  21,
        "InterfaceMetric":  5,
        "IsolationId":  0,
        "LowestIfNetLuid":  1689399767072768,
        "NlMtu":  1500,
        "ReachableTime":  37500,
        "RetransmitTime":  1000,
        "PSComputerName":  null
    },
    {
        "Store":  1,
        "AddressFamily":  23,
        "Forwarding":  0,
        "ClampMss":  0,
        "Advertising":  0,
        "NeighborUnreachabilityDetection":  0,
        "RouterDiscovery":  1,
        "NeighborDiscoverySupported":  0,
        "ManagedAddressConfiguration":  0,
        "OtherStatefulConfiguration":  0,
        "WeakHostSend":  0,
        "WeakHostReceive":  0,
        "IgnoreDefaultRoutes":  0,
        "AdvertiseDefaultRoute":  0,
        "ForceArpNdWolPattern":  0,
        "DirectedMacWolPattern":  0,
        "EcnMarking":  3,
        "Dhcp":  0,
        "ConnectionState":  1,
        "AutomaticMetric":  1,
        "ifIndex":  1,
        "ifAlias":  "Loopback Pseudo-Interface 1",
        "Caption":  null,
        "Description":  null,
        "ElementName":  null,
        "InstanceID":  null,
        "CommunicationStatus":  null,
        "DetailedStatus":  null,
        "HealthState":  null,
        "InstallDate":  null,
        "Name":  ";55\u003c=55;",
        "OperatingStatus":  null,
        "OperationalStatus":  null,
        "PrimaryStatus":  null,
        "Status":  null,
        "StatusDescriptions":  null,
        "AvailableRequestedStates":  null,
        "EnabledDefault":  2,
        "EnabledState":  null,
        "OtherEnabledState":  null,
        "RequestedState":  12,
        "TimeOfLastStateChange":  null,
        "TransitioningToState":  12,
        "CreationClassName":  "",
        "SystemCreationClassName":  "",
        "SystemName":  "",
        "NameFormat":  null,
        "OtherTypeDescription":  null,
        "ProtocolIFType":  null,
        "ProtocolType":  null,
        "AliasAddresses":  null,
        "GroupAddresses":  null,
        "LANID":  null,
        "LANType":  null,
        "MACAddress":  null,
        "MaxDataSize":  null,
        "OtherLANType":  null,
        "AdvertisedRouterLifetime":  {
                                         "Ticks":  18000000000,
                                         "Days":  0,
                                         "Hours":  0,
                                         "Milliseconds":  0,
                                         "Minutes":  30,
                                         "Seconds":  0,
                                         "TotalDays":  0.020833333333333332,
                                         "TotalHours":  0.5,
                                         "TotalMilliseconds":  1800000,
                                         "TotalMinutes":  30,
                                         "TotalSeconds":  1800
                                     },
        "BaseReachableTime":  30000,
        "CompartmentId":  1,
        "CurrentHopLimit":  0,
        "DadRetransmitTime":  1000,
        "DadTransmits":  0,
        "InterfaceAlias":  "Loopback Pseudo-Interface 1",
        "InterfaceIndex":  1,
        "InterfaceMetric":  75,
        "IsolationId":  0,
        "LowestIfNetLuid":  0,
        "NlMtu":  4294967295,
        "ReachableTime":  31500,
        "RetransmitTime":  1000,
        "PSComputerName":  null
    },
    {
        "Store":  1,
        "AddressFamily":  2,
        "Forwarding":  0,
        "ClampMss":  0,
        "Advertising":  0,
        "NeighborUnreachabilityDetection":  1,
        "RouterDiscovery":  2,
        "NeighborDiscoverySupported":  1,
        "ManagedAddressConfiguration":  1,
        "OtherStatefulConfiguration":  1,
        "WeakHostSend":  0,
        "WeakHostReceive":  0,
        "IgnoreDefaultRoutes":  0,
        "AdvertiseDefaultRoute":  0,
        "ForceArpNdWolPattern":  0,
        "DirectedMacWolPattern":  0,
        "EcnMarking":  3,
        "Dhcp":  1,
        "ConnectionState":  1,
        "AutomaticMetric":  1,
        "ifIndex":  21,
        "ifAlias":  "Ethernet 9",
        "Caption":  null,
        "Description":  null,
        "ElementName":  null,
        "InstanceID":  null,
        "CommunicationStatus":  null,
        "DetailedStatus":  null,
        "HealthState":  null,
        "InstallDate":  null,
        "Name":  "\u003c;55\u003c55;",
        "OperatingStatus":  null,
        "OperationalStatus":  null,
        "PrimaryStatus":  null,
        "Status":  null,
        "StatusDescriptions":  null,
        "AvailableRequestedStates":  null,
        "EnabledDefault":  2,
        "EnabledState":  null,
        "OtherEnabledState":  null,
        "RequestedState":  12,
        "TimeOfLastStateChange":  null,
        "TransitioningToState":  12,
        "CreationClassName":  "",
        "SystemCreationClassName":  "",
        "SystemName":  "",
        "NameFormat":  null,
        "OtherTypeDescription":  null,
        "ProtocolIFType":  null,
        "ProtocolType":  null,
        "AliasAddresses":  null,
        "GroupAddresses":  null,
        "LANID":  null,
        "LANType":  null,
        "MACAddress":  null,
        "MaxDataSize":  null,
        "OtherLANType":  null,
        "AdvertisedRouterLifetime":  {
                                         "Ticks":  18000000000,
                                         "Days":  0,
                                         "Hours":  0,
                                         "Milliseconds":  0,
                                         "Minutes":  30,
                                         "Seconds":  0,
                                         "TotalDays":  0.020833333333333332,
                                         "TotalHours":  0.5,
                                         "TotalMilliseconds":  1800000,
                                         "TotalMinutes":  30,
                                         "TotalSeconds":  1800
                                     },
        "BaseReachableTime":  30000,
        "CompartmentId":  1,
        "CurrentHopLimit":  0,
        "DadRetransmitTime":  1000,
        "DadTransmits":  3,
        "InterfaceAlias":  "Ethernet 9",
        "InterfaceIndex":  21,
        "InterfaceMetric":  5,
        "IsolationId":  0,
        "LowestIfNetLuid":  1689399767072768,
        "NlMtu":  1500,
        "ReachableTime":  25500,
        "RetransmitTime":  1000,
        "PSComputerName":  null
    },
    {
        "Store":  1,
        "AddressFamily":  2,
        "Forwarding":  0,
        "ClampMss":  0,
        "Advertising":  0,
        "NeighborUnreachabilityDetection":  0,
        "RouterDiscovery":  2,
        "NeighborDiscoverySupported":  0,
        "ManagedAddressConfiguration":  1,
        "OtherStatefulConfiguration":  1,
        "WeakHostSend":  0,
        "WeakHostReceive":  0,
        "IgnoreDefaultRoutes":  0,
        "AdvertiseDefaultRoute":  0,
        "ForceArpNdWolPattern":  0,
        "DirectedMacWolPattern":  0,
        "EcnMarking":  3,
        "Dhcp":  1,
        "ConnectionState":  1,
        "AutomaticMetric":  1,
        "ifIndex":  1,
        "ifAlias":  "Loopback Pseudo-Interface 1",
        "Caption":  null,
        "Description":  null,
        "ElementName":  null,
        "InstanceID":  null,
        "CommunicationStatus":  null,
        "DetailedStatus":  null,
        "HealthState":  null,
        "InstallDate":  null,
        "Name":  ";55\u003c55;",
        "OperatingStatus":  null,
        "OperationalStatus":  null,
        "PrimaryStatus":  null,
        "Status":  null,
        "StatusDescriptions":  null,
        "AvailableRequestedStates":  null,
        "EnabledDefault":  2,
        "EnabledState":  null,
        "OtherEnabledState":  null,
        "RequestedState":  12,
        "TimeOfLastStateChange":  null,
        "TransitioningToState":  12,
        "CreationClassName":  "",
        "SystemCreationClassName":  "",
        "SystemName":  "",
        "NameFormat":  null,
        "OtherTypeDescription":  null,
        "ProtocolIFType":  null,
        "ProtocolType":  null,
        "AliasAddresses":  null,
        "GroupAddresses":  null,
        "LANID":  null,
        "LANType":  null,
        "MACAddress":  null,
        "MaxDataSize":  null,
        "OtherLANType":  null,
        "AdvertisedRouterLifetime":  {
                                         "Ticks":  18000000000,
                                         "Days":  0,
                                         "Hours":  0,
                                         "Milliseconds":  0,
                                         "Minutes":  30,
                                         "Seconds":  0,
                                         "TotalDays":  0.020833333333333332,
                                         "TotalHours":  0.5,
                                         "TotalMilliseconds":  1800000,
                                         "TotalMinutes":  30,
                                         "TotalSeconds":  1800
                                     },
        "BaseReachableTime":  30000,
        "CompartmentId":  1,
        "CurrentHopLimit":  0,
        "DadRetransmitTime":  1000,
        "DadTransmits":  0,
        "InterfaceAlias":  "Loopback Pseudo-Interface 1",
        "InterfaceIndex":  1,
        "InterfaceMetric":  75,
        "IsolationId":  0,
        "LowestIfNetLuid":  0,
        "NlMtu":  4294967295,
        "ReachableTime":  44000,
        "RetransmitTime":  1000,
        "PSComputerName":  null
    }
]
