{
    "keep": {
        "days": true,
        "amount": 14
    },
    "auditLog": "log\\host\\.c6ea44e08ab1df5018843cdaca8dd768086b9192-audit.json",
    "files": [
        {
            "date": 1721048421911,
            "name": "log\\host\\electron-2024-07-15-13.log",
            "hash": "5aa1ff7732a3abef68eb7ac2c426c5f3"
        },
        {
            "date": 1721052024037,
            "name": "log\\host\\electron-2024-07-15-14.log",
            "hash": "0b2ad834c76f245c17e23550c577be32"
        },
        {
            "date": 1721055623996,
            "name": "log\\host\\electron-2024-07-15-15.log",
            "hash": "9fd5dd5e0ed06df092fad4b33e1146b9"
        },
        {
            "date": 1721059223974,
            "name": "log\\host\\electron-2024-07-15-16.log",
            "hash": "4d90e6b67c67907d452204cc668391ac"
        },
        {
            "date": 1721140857707,
            "name": "log\\host\\electron-2024-07-16-14.log",
            "hash": "c0a5b986164be9ab4c070def90e471e5"
        }
    ],
    "hashType": "md5"
}