"Module Name","Display Name","Driver Type","Link Date"
"1394ohci","1394 OHCI Compliant Host Controller","Kernel ",""
"3ware","3ware","Kernel ","5/18/2015 10:28:03 PM"
"ACPI","Microsoft ACPI Driver","Kernel ",""
"AcpiDev","ACPI Devices driver","Kernel ",""
"acpiex","Microsoft ACPIEx Driver","Kernel ",""
"acpipagr","ACPI Processor Aggregator Driver","Kernel ",""
"AcpiPmi","ACPI Power Meter Driver","Kernel ",""
"acpitime","ACPI Wake Alarm Driver","Kernel ",""
"Acx01000","Acx01000","Kernel ",""
"ADP80XX","ADP80XX","Kernel ","4/9/2015 8:49:48 PM"
"AFD","Ancillary Function Driver for Winsock","Kernel ",""
"afunix","afunix","Kernel ",""
"ahcache","Application Compatibility Cache","Kernel ",""
"amdgpio2","AMD GPIO Client Driver","Kernel ","2/7/2019 9:32:20 AM"
"amdi2c","AMD I2C Controller Service","Kernel ","3/20/2019 4:57:33 AM"
"AmdK8","AMD K8 Processor Driver","Kernel ",""
"AmdPPM","AMD Processor Driver","Kernel ",""
"amdsata","amdsata","Kernel ","5/14/2015 12:14:52 PM"
"amdsbs","amdsbs","Kernel ","12/11/2012 9:21:44 PM"
"amdxata","amdxata","Kernel ","5/1/2015 12:55:35 AM"
"AppID","AppID Driver","Kernel ",""
"applockerfltr","Smartlocker Filter Driver","Kernel ",""
"AppvStrm","AppvStrm","File System ",""
"AppvVemgr","AppvVemgr","File System ",""
"AppvVfs","AppvVfs","File System ",""
"arcsas","Adaptec SAS/SATA-II RAID Storport's Miniport Driver","Kernel ","4/9/2015 7:12:07 PM"
"AsyncMac","RAS Asynchronous Media Driver","Kernel ",""
"atapi","IDE Channel","Kernel ",""
"b06bdrv","QLogic Network Adapter VBD","Kernel ","5/25/2016 7:03:08 AM"
"bam","Background Activity Moderator Driver","Kernel ",""
"BasicDisplay","BasicDisplay","Kernel ",""
"BasicRender","BasicRender","Kernel ",""
"bcmfn2","bcmfn2 Service","Kernel ","11/1/2016 2:09:15 AM"
"Beep","Beep","Kernel ",""
"bindflt","Windows Bind Filter Driver","File System ",""
"bowser","Browser","File System ",""
"BthA2dp","Microsoft Bluetooth A2dp driver","Kernel ",""
"BthEnum","Bluetooth Enumerator Service","Kernel ",""
"BthHFEnum","Microsoft Bluetooth Hands-Free Profile driver","Kernel ",""
"BthLEEnum","Bluetooth Low Energy Driver","Kernel ",""
"BthMini","Bluetooth Radio Driver","Kernel ",""
"BTHMODEM","Bluetooth Modem Communications Driver","Kernel ",""
"BTHPORT","Bluetooth Port Driver","Kernel ",""
"BTHUSB","Bluetooth Radio USB Driver","Kernel ",""
"bttflt","Microsoft Hyper-V VHDPMEM BTT Filter","Kernel ",""
"buttonconverter","Service for Portable Device Control devices","Kernel ",""
"CAD","Charge Arbitration Driver","Kernel ",""
"cdfs","CD/DVD File System Reader","File System ",""
"cdrom","CD-ROM Driver","Kernel ",""
"cht4iscsi","cht4iscsi","Kernel ","2/5/2019 1:51:31 PM"
"cht4vbd","Chelsio Virtual Bus Driver","Kernel ","2/5/2019 1:47:51 PM"
"CimFS","CimFS","File System ",""
"circlass","Consumer IR Devices","Kernel ",""
"CldFlt","Windows Cloud Files Filter Driver","File System ",""
"CLFS","Common Log (CLFS)","Kernel ",""
"CmBatt","Microsoft ACPI Control Method Battery Driver","Kernel ",""
"CNG","CNG","Kernel ",""
"cnghwassist","CNG Hardware Assist algorithm provider","Kernel ",""
"CompositeBus","Composite Bus Enumerator Driver","Kernel ",""
"condrv","Console Driver","Kernel ",""
"CSC","Offline Files Driver","Kernel ",""
"dam","Desktop Activity Moderator Driver","Kernel ",""
"Dfsc","DFS Namespace Client Driver","File System ",""
"disk","Disk Driver","Kernel ",""
"dmvsc","dmvsc","Kernel ",""
"drmkaud","Microsoft Trusted Audio Drivers","Kernel ",""
"DXGKrnl","LDDM Graphics Subsystem","Kernel ",""
"ebdrv","QLogic 10 Gigabit Ethernet Adapter VBD","Kernel ","5/25/2016 7:01:05 AM"
"EhStorClass","Enhanced Storage Filter Driver","Kernel ",""
"EhStorTcgDrv","Microsoft driver for storage devices supporting IEEE 1667 and TCG protocols","Kernel ",""
"ErrDev","Microsoft Hardware Error Device Driver","Kernel ",""
"exfat","exFAT File System Driver","File System ",""
"fastfat","FAT12/16/32 File System Driver","File System ",""
"fdc","Floppy Disk Controller Driver","Kernel ",""
"FileCrypt","FileCrypt","File System ",""
"FileInfo","File Information FS MiniFilter","File System ",""
"Filetrace","Filetrace","File System ",""
"flpydisk","Floppy Disk Driver","Kernel ",""
"FltMgr","FltMgr","File System ",""
"FsDepends","File System Dependency Minifilter","File System ",""
"fvevol","BitLocker Drive Encryption Filter Driver","Kernel ",""
"gencounter","Microsoft Hyper-V Generation Counter","Kernel ",""
"genericusbfn","Generic USB Function Class","Kernel ",""
"GPIOClx0101","Microsoft GPIO Class Extension Driver","Kernel ",""
"GpuEnergyDrv","GPU Energy Driver","Kernel ",""
"HdAudAddService","Microsoft 1.1 UAA Function Driver for High Definition Audio Service","Kernel ",""
"HDAudBus","Microsoft UAA Bus Driver for High Definition Audio","Kernel ",""
"HidBatt","HID UPS Battery Driver","Kernel ",""
"HidBth","Microsoft Bluetooth HID Miniport","Kernel ",""
"hidi2c","Microsoft I2C HID Miniport Driver","Kernel ",""
"hidinterrupt","Common Driver for HID Buttons implemented with interrupts","Kernel ",""
"HidIr","Microsoft Infrared HID Driver","Kernel ",""
"hidspi","Microsoft SPI HID Miniport Driver","Kernel ",""
"HidSpiCx","HidSpi KMDF Class Extension","Kernel ",""
"HidUsb","Microsoft HID Class Driver","Kernel ",""
"hnswfpdriver","HNS WFP Driver","Kernel ",""
"HpSAMD","HpSAMD","Kernel ","3/26/2013 9:36:54 PM"
"HTTP","HTTP Service","Kernel ",""
"hvcrash","hvcrash","Kernel ",""
"hvservice","Hypervisor/Virtual Machine Support Driver","Kernel ",""
"hvsocketcontrol","hvsocketcontrol","Kernel ",""
"HwNClx0101","Microsoft Hardware Notifications Class Extension Driver","Kernel ",""
"hwpolicy","Hardware Policy Driver","Kernel ",""
"hyperkbd","hyperkbd","Kernel ",""
"HyperVideo","HyperVideo","Kernel ",""
"i8042prt","i8042 Keyboard and PS/2 Mouse Port Driver","Kernel ",""
"iagpio","Intel Serial IO GPIO Controller Driver","Kernel ","7/23/2018 9:04:46 AM"
"iai2c","Intel(R) Serial IO I2C Host Controller","Kernel ","7/23/2018 9:04:39 AM"
"iaLPSS2i_GPIO2","Intel(R) Serial IO GPIO Driver v2","Kernel ","4/19/2018 7:53:24 AM"
"iaLPSS2i_GPIO2_BXT_P","Intel(R) Serial IO GPIO Driver v2","Kernel ","4/17/2018 9:25:15 AM"
"iaLPSS2i_GPIO2_CNL","Intel(R) Serial IO GPIO Driver v2","Kernel ","4/17/2018 7:07:03 AM"
"iaLPSS2i_GPIO2_GLK","Intel(R) Serial IO GPIO Driver v2","Kernel ","5/16/2018 5:46:36 AM"
"iaLPSS2i_I2C","Intel(R) Serial IO I2C Driver v2","Kernel ","4/19/2018 7:52:58 AM"
"iaLPSS2i_I2C_BXT_P","Intel(R) Serial IO I2C Driver v2","Kernel ","4/17/2018 9:24:40 AM"
"iaLPSS2i_I2C_CNL","Intel(R) Serial IO I2C Driver v2","Kernel ","7/15/2019 5:12:12 AM"
"iaLPSS2i_I2C_GLK","Intel(R) Serial IO I2C Driver v2","Kernel ","5/16/2018 5:46:02 AM"
"iaLPSSi_GPIO","Intel(R) Serial IO GPIO Controller Driver","Kernel ","2/2/2015 9:00:09 AM"
"iaLPSSi_I2C","Intel(R) Serial IO I2C Controller Driver","Kernel ","2/24/2015 3:52:07 PM"
"iaStorAVC","Intel Chipset SATA RAID Controller","Kernel ","9/5/2019 12:07:32 PM"
"iaStorV","Intel RAID Controller Windows 7","Kernel ","4/11/2011 6:48:16 PM"
"ibbus","Mellanox InfiniBand Bus/AL (Filter Driver)","Kernel ","2/10/2020 4:37:35 PM"
"IndirectKmd","Indirect Displays Kernel-Mode Driver","Kernel ",""
"intelide","intelide","Kernel ",""
"intelpep","Intel(R) Power Engine Plug-in Driver","Kernel ",""
"intelpmax","Intel(R) Dynamic Device Peak Power Manager Driver","Kernel ",""
"intelppm","Intel Processor Driver","Kernel ",""
"iorate","Disk I/O Rate Filter Driver","Kernel ",""
"IpFilterDriver","IP Traffic Filter Driver","Kernel ",""
"IPMIDRV","IPMIDRV","Kernel ",""
"IPNAT","IP Network Address Translator","Kernel ",""
"IPT","IPT","Kernel ",""
"isapnp","isapnp","Kernel ",""
"iScsiPrt","iScsiPort Driver","Kernel ",""
"ItSas35i","ItSas35i","Kernel ","6/20/2019 7:35:34 AM"
"kbdclass","Keyboard Class Driver","Kernel ",""
"kbdhid","Keyboard HID Driver","Kernel ",""
"kbldfltr","kbldfltr","Kernel ",""
"kdnic","Microsoft Kernel Debug Network Miniport (NDIS 6.20)","Kernel ",""
"KSecDD","KSecDD","Kernel ",""
"KSecPkg","KSecPkg","Kernel ",""
"ksthunk","Kernel Streaming Thunks","Kernel ",""
"l2bridge","Bridge Driver","Kernel ",""
"lltdio","Link-Layer Topology Discovery Mapper I/O Driver","Kernel ",""
"LSI_SAS","LSI_SAS","Kernel ","3/25/2015 7:36:48 PM"
"LSI_SAS2i","LSI_SAS2i","Kernel ","8/2/2017 1:29:59 PM"
"LSI_SAS3i","LSI_SAS3i","Kernel ","4/4/2019 6:54:35 AM"
"LSI_SSS","LSI_SSS","Kernel ","3/15/2013 11:39:38 PM"
"luafv","UAC File Virtualization","File System ",""
"lxss","lxss","Kernel ",""
"mausbhost","MA-USB Host Controller Driver","Kernel ",""
"mausbip","MA-USB IP Filter Driver","Kernel ",""
"MbbCx","MBB Network Adapter Class Extension","Kernel ",""
"megasas","megasas","Kernel ","3/5/2015 2:36:29 AM"
"megasas2i","megasas2i","Kernel ","4/4/2019 1:28:53 PM"
"megasas35i","megasas35i","Kernel ","6/20/2019 10:01:12 AM"
"megasr","megasr","Kernel ","6/3/2013 10:02:39 PM"
"Microsoft_Bluetooth_AvrcpTransport","Microsoft Bluetooth Avrcp Transport Driver","Kernel ",""
"mlx4_bus","Mellanox ConnectX Bus Enumerator","Kernel ","2/10/2020 4:41:44 PM"
"mlx5","Mellanox WinOF-2 Networking Driver","Kernel ","5/3/2023 12:23:22 AM"
"MMCSS","Multimedia Class Scheduler","Kernel ",""
"Modem","Modem","Kernel ",""
"monitor","Microsoft Monitor Class Function Driver Service","Kernel ",""
"mouclass","Mouse Class Driver","Kernel ",""
"mouhid","Mouse HID Driver","Kernel ",""
"mountmgr","Mount Point Manager","Kernel ",""
"mpsdrv","Windows Defender Firewall Authorization Driver","Kernel ",""
"MRxDAV","WebDav Client Redirector Driver","File System ",""
"mrxsmb","SMB MiniRedirector Wrapper and Engine","File System ",""
"mrxsmb20","SMB 2.0 MiniRedirector","File System ",""
"MsBridge","Microsoft MAC Bridge","Kernel ",""
"Msfs","Msfs","File System ",""
"msgpiowin32","Common Driver for Buttons, DockMode and Laptop/Slate Indicator","Kernel ",""
"mshidkmdf","Pass-through HID to KMDF Filter Driver","Kernel ",""
"mshidumdf","Pass-through HID to UMDF Driver","Kernel ",""
"msisadrv","msisadrv","Kernel ",""
"MSKSSRV","Microsoft Streaming Service Proxy","Kernel ",""
"MsLldp","Microsoft Link-Layer Discovery Protocol","Kernel ",""
"MSPCLOCK","Microsoft Streaming Clock Proxy","Kernel ",""
"MSPQM","Microsoft Streaming Quality Manager Proxy","Kernel ",""
"MsQuic","MsQuic","Kernel ",""
"MsRPC","MsRPC","Kernel ",""
"MsSecCore","Microsoft Security Core Boot Driver","Kernel ",""
"MsSecFlt","Microsoft Security Events Component Minifilter","Kernel ",""
"MsSecWfp","Microsoft Security WFP Callout Driver","Kernel ",""
"mssmbios","Microsoft System Management BIOS Driver","Kernel ",""
"MSTEE","Microsoft Streaming Tee/Sink-to-Sink Converter","Kernel ",""
"MTConfig","Microsoft Input Configuration Driver","Kernel ",""
"Mup","Mup","File System ",""
"mvumis","mvumis","Kernel ","5/23/2014 8:39:04 PM"
"NativeWifiP","NativeWiFi Filter","Kernel ",""
"ndfltr","NetworkDirect Service","Kernel ","2/10/2020 4:29:06 PM"
"NDIS","NDIS System Driver","Kernel ",""
"NdisCap","Microsoft NDIS Capture","Kernel ",""
"NdisImPlatform","Microsoft Network Adapter Multiplexor Protocol","Kernel ",""
"NdisTapi","Remote Access NDIS TAPI Driver","Kernel ",""
"Ndisuio","NDIS Usermode I/O Protocol","Kernel ",""
"NdisVirtualBus","Microsoft Virtual Network Adapter Enumerator","Kernel ",""
"NdisWan","Remote Access NDIS WAN Driver","Kernel ",""
"ndiswanlegacy","Remote Access LEGACY NDIS WAN Driver","Kernel ",""
"NDKPing","NDKPing Driver","Kernel ",""
"ndproxy","NDIS Proxy Driver","Kernel ",""
"Ndu","Windows Network Data Usage Monitoring Driver","Kernel ",""
"NetAdapterCx","Network Adapter Wdf Class Extension Library","Kernel ",""
"NetBIOS","NetBIOS Interface","File System ",""
"NetBT","NetBT","Kernel ",""
"netvsc","netvsc","Kernel ",""
"Npfs","Npfs","File System ",""
"npsvctrig","Named pipe service trigger provider","Kernel ",""
"nsiproxy","NSI Proxy Service Driver","Kernel ",""
"Ntfs","Ntfs","File System ",""
"Null","Null","Kernel ",""
"nvdimm","Microsoft NVDIMM device driver","Kernel ",""
"nvlddmkm","nvlddmkm","Kernel ","3/5/2024 10:44:32 PM"
"nvraid","nvraid","Kernel ","4/21/2014 6:28:42 PM"
"nvstor","nvstor","Kernel ","4/21/2014 6:34:03 PM"
"P9Rdr","Plan 9 Redirector Driver","Kernel ",""
"Parport","Parallel port driver","Kernel ",""
"partmgr","Partition driver","Kernel ",""
"passthruparser","PassthroughParser","Kernel ",""
"pci","PCI Bus Driver","Kernel ",""
"pciide","pciide","Kernel ",""
"pcmcia","pcmcia","Kernel ",""
"pcw","Performance Counters for Windows Driver","Kernel ",""
"pdc","pdc","Kernel ",""
"PEAUTH","PEAUTH","Kernel ",""
"percsas2i","percsas2i","Kernel ","3/15/2016 12:50:11 AM"
"percsas3i","percsas3i","Kernel ","6/1/2018 9:47:02 PM"
"PktMon","Packet Monitor Driver","Kernel ",""
"pmem","Microsoft persistent memory disk driver","Kernel ",""
"PNPMEM","Microsoft Memory Module Driver","Kernel ",""
"portcfg","portcfg","Kernel ",""
"PptpMiniport","WAN Miniport (PPTP)","Kernel ",""
"Processor","Processor Driver","Kernel ",""
"Psched","QoS Packet Scheduler","Kernel ",""
"pvhdparser","pvhdparser","Kernel ",""
"QWAVEdrv","QWAVE driver","Kernel ",""
"Ramdisk","Windows RAM Disk Driver","Kernel ",""
"RasAcd","Remote Access Auto Connection Driver","Kernel ",""
"RasAgileVpn","WAN Miniport (IKEv2)","Kernel ",""
"Rasl2tp","WAN Miniport (L2TP)","Kernel ",""
"RasPppoe","Remote Access PPPOE Driver","Kernel ",""
"RasSstp","WAN Miniport (SSTP)","Kernel ",""
"rdbss","Redirected Buffering Sub System","File System ",""
"rdpbus","Remote Desktop Device Redirector Bus Driver","Kernel ",""
"RDPDR","Remote Desktop Device Redirector Driver","Kernel ",""
"RdpVideoMiniport","Remote Desktop Video Miniport Driver","Kernel ",""
"rdyboost","ReadyBoost","Kernel ",""
"ReFS","ReFS","File System ",""
"ReFSv1","ReFSv1","File System ",""
"RFCOMM","Bluetooth Device (RFCOMM Protocol TDI)","Kernel ",""
"rhproxy","Resource Hub proxy driver","Kernel ",""
"rspndr","Link-Layer Topology Discovery Responder","Kernel ",""
"s3cap","s3cap","Kernel ",""
"sacdrv","sacdrv","Kernel ",""
"sbp2port","SBP-2 Transport/Protocol Bus Driver","Kernel ",""
"scfilter","Smart card PnP Class Filter Driver","Kernel ",""
"scmbus","Microsoft Storage Class Memory Bus Driver","Kernel ",""
"sdbus","sdbus","Kernel ",""
"SDFRd","SDF Reflector","Kernel ",""
"sdstor","SD Storage Port Driver","Kernel ",""
"SerCx","Serial UART Support Library","Kernel ",""
"SerCx2","Serial UART Support Library","Kernel ",""
"Serenum","Serenum Filter Driver","Kernel ",""
"Serial","Serial port driver","Kernel ",""
"sermouse","Serial Mouse Driver","Kernel ",""
"sfloppy","High-Capacity Floppy Disk Drive","Kernel ",""
"SgrmAgent","System Guard Runtime Monitor Agent","Kernel ",""
"SiSRaid2","SiSRaid2","Kernel ","9/24/2008 6:28:20 PM"
"SiSRaid4","SiSRaid4","Kernel ","10/1/2008 9:56:04 PM"
"SmartSAMD","SmartSAMD","Kernel ","2/21/2019 5:54:44 PM"
"smbdirect","smbdirect","File System ",""
"spaceparser","Space Parser","Kernel ",""
"spaceport","Storage Spaces Driver","Kernel ",""
"SpatialGraphFilter","Holographic Spatial Graph Filter","Kernel ",""
"SpbCx","Simple Peripheral Bus Support Library","Kernel ",""
"srv2","Server SMB 2.xxx Driver","File System ",""
"srvnet","srvnet","File System ",""
"stexstor","stexstor","Kernel ","11/27/2012 12:02:51 AM"
"storahci","Microsoft Standard SATA AHCI Driver","Kernel ",""
"storflt","Microsoft Hyper-V Storage Accelerator","Kernel ",""
"stornvme","Microsoft Standard NVM Express Driver","Kernel ",""
"storqosflt","Storage QoS Filter Driver","File System ",""
"storufs","Microsoft Universal Flash Storage (UFS) Driver","Kernel ",""
"storvsc","storvsc","Kernel ",""
"storvsp","storvsp","Kernel ",""
"swenum","Software Bus Driver","Kernel ",""
"Synth3dVsc","Synth3dVsc","Kernel ",""
"Tcpip","TCP/IP Protocol Driver","Kernel ",""
"Tcpip6","@todo.dll,-100;Microsoft IPv6 Protocol Driver","Kernel ",""
"tcpipreg","TCP/IP Registry Compatibility","Kernel ",""
"tdx","NetIO Legacy TDI Support Driver","Kernel ",""
"Telemetry","Intel(R) Telemetry Service","Kernel ",""
"terminpt","Microsoft Remote Desktop Input Driver","Kernel ",""
"TPM","TPM","Kernel ",""
"TsUsbFlt","Remote Desktop USB Hub Class Filter Driver","Kernel ",""
"TsUsbGD","Remote Desktop Generic USB Device","Kernel ",""
"tsusbhub","Remote Desktop USB Hub","Kernel ",""
"tunnel","Microsoft Tunnel Miniport Adapter Driver","Kernel ",""
"UASPStor","USB Attached SCSI (UAS) Driver","Kernel ",""
"UcmCx0101","USB Connector Manager KMDF Class Extension","Kernel ",""
"UcmTcpciCx0101","UCM-TCPCI KMDF Class Extension","Kernel ",""
"UcmUcsiAcpiClient","UCM-UCSI ACPI Client","Kernel ",""
"UcmUcsiCx0101","UCM-UCSI KMDF Class Extension","Kernel ",""
"UCPD","UCPD","File System ",""
"Ucx01000","USB Host Support Library","Kernel ",""
"UdeCx","USB Device Emulation Support Library","Kernel ",""
"udfs","udfs","File System ",""
"UEFI","Microsoft UEFI Driver","Kernel ",""
"UevAgentDriver","UevAgentDriver","File System ",""
"Ufx01000","USB Function Class Extension","Kernel ",""
"UfxChipidea","USB Chipidea Controller","Kernel ",""
"ufxsynopsys","USB Synopsys Controller","Kernel ",""
"umbus","UMBus Enumerator Driver","Kernel ",""
"UmPass","Microsoft UMPass Driver","Kernel ",""
"UrsChipidea","Chipidea USB Role-Switch Driver","Kernel ",""
"UrsCx01000","USB Role-Switch Support Library","Kernel ",""
"UrsSynopsys","Synopsys USB Role-Switch Driver","Kernel ",""
"usbaudio","USB Audio Driver (WDM)","Kernel ",""
"usbaudio2","USB Audio 2.0 Service","Kernel ",""
"usbccgp","Microsoft USB Generic Parent Driver","Kernel ",""
"usbcir","eHome Infrared Receiver (USBCIR)","Kernel ",""
"usbehci","Microsoft USB 2.0 Enhanced Host Controller Miniport Driver","Kernel ",""
"usbhub","Microsoft USB Standard Hub Driver","Kernel ",""
"USBHUB3","SuperSpeed Hub","Kernel ",""
"usbohci","Microsoft USB Open Host Controller Miniport Driver","Kernel ",""
"usbprint","Microsoft USB PRINTER Class","Kernel ",""
"usbser","Microsoft USB Serial Driver","Kernel ",""
"USBSTOR","USB Mass Storage Driver","Kernel ",""
"usbuhci","Microsoft USB Universal Host Controller Miniport Driver","Kernel ",""
"USBXHCI","USB xHCI Compliant Host Controller","Kernel ",""
"vdrvroot","Microsoft Virtual Drive Enumerator","Kernel ",""
"VerifierExt","Driver Verifier Extension","Kernel ",""
"VfpExt","Microsoft Azure VFP Switch Extension","Kernel ",""
"vhdmp","vhdmp","Kernel ",""
"vhdparser","vhdparser","Kernel ",""
"vhf","Virtual HID Framework (VHF) Driver","Kernel ",""
"Vid","Vid","Kernel ",""
"VirtualRender","VirtualRender","Kernel ",""
"vmbus","Virtual Machine Bus","Kernel ",""
"VMBusHID","VMBusHID","Kernel ",""
"vmbusr","Virtual Machine Bus Provider","Kernel ",""
"vmgid","Microsoft Hyper-V Guest Infrastructure Driver","Kernel ",""
"VMSNPXY","VmSwitch NIC Proxy Driver","Kernel ",""
"VMSP","VmSwitch Protocol Driver","Kernel ",""
"VmsProxy","VmSwitch Proxy Driver","Kernel ",""
"VMSVSF","VmSwitch Extensibility Filter","Kernel ",""
"VMSVSP","VmSwitch Extensibility Protocol","Kernel ",""
"volmgr","Volume Manager Driver","Kernel ",""
"volmgrx","Dynamic Volume Manager","Kernel ",""
"volsnap","Volume Shadow Copy driver","Kernel ",""
"volume","Volume driver","Kernel ",""
"vpci","Microsoft Hyper-V Virtual PCI Bus","Kernel ",""
"vpcivsp","Microsoft Hyper-V PCI Server","Kernel ",""
"vsmraid","vsmraid","Kernel ","4/22/2014 7:21:41 PM"
"VSTXRAID","VIA StorX Storage RAID Controller Windows Driver","Kernel ","1/21/2013 7:00:28 PM"
"vwifibus","Virtual Wireless Bus Driver","Kernel ",""
"vwififlt","Virtual WiFi Filter Driver","Kernel ",""
"WacomPen","Wacom Serial Pen HID Driver","Kernel ",""
"wanarp","Remote Access IP ARP Driver","Kernel ",""
"wanarpv6","Remote Access IPv6 ARP Driver","Kernel ",""
"wcifs","Windows Container Isolation","File System ",""
"wcnfs","Windows Container Name Virtualization","File System ",""
"WdBoot","Microsoft Defender Antivirus Boot Driver","Kernel ",""
"Wdf01000","Kernel Mode Driver Frameworks service","Kernel ",""
"WdFilter","Microsoft Defender Antivirus Mini-Filter Driver","File System ",""
"wdiwifi","WDI Driver Framework","Kernel ",""
"WdmCompanionFilter","WdmCompanionFilter","Kernel ",""
"WdNisDrv","Microsoft Defender Antivirus Network Inspection System Driver","Kernel ",""
"WFPLWFS","Microsoft Windows Filtering Platform","Kernel ",""
"WIMMount","WIMMount","File System ",""
"WindowsTrustedRT","Windows Trusted Execution Environment Class Extension","Kernel ",""
"WindowsTrustedRTProxy","Microsoft Windows Trusted Runtime Secure Service","Kernel ",""
"WinMad","WinMad Service","Kernel ","2/10/2020 4:28:47 PM"
"WinNat","Windows NAT Driver","Kernel ",""
"WINUSB","WinUsb Driver","Kernel ",""
"WinVerbs","WinVerbs Service","Kernel ","2/10/2020 4:28:57 PM"
"WmiAcpi","Microsoft Windows Management Interface for ACPI","Kernel ",""
"Wof","Windows Overlay File System Filter Driver","File System ",""
"WpdUpFltr","WPD Upper Class Filter Driver","Kernel ",""
"ws2ifsl","Winsock IFS Driver","Kernel ",""
"WudfPf","User Mode Driver Frameworks Platform Driver","Kernel ",""
"WUDFRd","Windows Driver Foundation - User-mode Driver Framework Reflector","Kernel ",""
"xboxgip","Xbox Game Input Protocol Driver","Kernel ",""
"xinputhid","XINPUT HID Filter Driver","Kernel ",""
