[
    {
        "PSComputerName":  "<HOST>",
        "Description":  "Update",
        "HotFixID":  "KB5039893",
        "InstalledBy":  "NT AUTHORITY\\SYSTEM",
        "InstalledOn":  "Thursday, July 11, 2024 12:00:00 AM"
    },
    {
        "PSComputerName":  "<HOST>",
        "Description":  "Update",
        "HotFixID":  "KB5037592",
        "InstalledBy":  "NT AUTHORITY\\SYSTEM",
        "InstalledOn":  "Thursday, July 4, 2024 12:00:00 AM"
    },
    {
        "PSComputerName":  "<HOST>",
        "Description":  "Update",
        "HotFixID":  "KB5011048",
        "InstalledBy":  "NT AUTHORITY\\SYSTEM",
        "InstalledOn":  "Thursday, July 4, 2024 12:00:00 AM"
    },
    {
        "PSComputerName":  "<HOST>",
        "Description":  "Update",
        "HotFixID":  "KB5015684",
        "InstalledBy":  "",
        "InstalledOn":  "Friday, June 7, 2024 12:00:00 AM"
    },
    {
        "PSComputerName":  "<HOST>",
        "Description":  "Security Update",
        "HotFixID":  "KB5040427",
        "InstalledBy":  "NT AUTHORITY\\SYSTEM",
        "InstalledOn":  "Thursday, July 11, 2024 12:00:00 AM"
    },
    {
        "PSComputerName":  "<HOST>",
        "Description":  "Security Update",
        "HotFixID":  "KB5014032",
        "InstalledBy":  "",
        "InstalledOn":  "Friday, June 7, 2024 12:00:00 AM"
    },
    {
        "PSComputerName":  "<HOST>",
        "Description":  "Update",
        "HotFixID":  "KB5028380",
        "InstalledBy":  "",
        "InstalledOn":  "Friday, June 7, 2024 12:00:00 AM"
    },
    {
        "PSComputerName":  "<HOST>",
        "Description":  "Update",
        "HotFixID":  "KB5037995",
        "InstalledBy":  "",
        "InstalledOn":  "Friday, June 7, 2024 12:00:00 AM"
    },
    {
        "PSComputerName":  "<HOST>",
        "Description":  "Update",
        "HotFixID":  "KB5039336",
        "InstalledBy":  "NT AUTHORITY\\SYSTEM",
        "InstalledOn":  "Thursday, July 11, 2024 12:00:00 AM"
    }
]
