[
    {
        "Handles":  98,
        "Name":  "AggregatorHost",
        "NPM":  5160,
        "PM":  1007616,
        "SI":  0,
        "VM":  2203376668672,
        "WS":  4861952
    },
    {
        "Handles":  369,
        "Name":  "AppHealthExtension",
        "NPM":  24424,
        "PM":  32391168,
        "SI":  0,
        "VM":  4902608896,
        "WS":  41201664
    },
    {
        "Handles":  196,
        "Name":  "chrome",
        "NPM":  11416,
        "PM":  6967296,
        "SI":  2,
        "VM":  2272277590016,
        "WS":  9428992
    },
    {
        "Handles":  431,
        "Name":  "chrome",
        "NPM":  28640,
        "PM":  71417856,
        "SI":  2,
        "VM":  3487665115136,
        "WS":  114200576
    },
    {
        "Handles":  255,
        "Name":  "chrome",
        "NPM":  20544,
        "PM":  21999616,
        "SI":  2,
        "VM":  3487388270592,
        "WS":  32313344
    },
    {
        "Handles":  826,
        "Name":  "chrome",
        "NPM":  60344,
        "PM":  152813568,
        "SI":  2,
        "VM":  2307483127808,
        "WS":  109047808
    },
    {
        "Handles":  319,
        "Name":  "chrome",
        "NPM":  21072,
        "PM":  21651456,
        "SI":  2,
        "VM":  2307061444608,
        "WS":  46174208
    },
    {
        "Handles":  417,
        "Name":  "chrome",
        "NPM":  28840,
        "PM":  66170880,
        "SI":  2,
        "VM":  3487566581760,
        "WS":  113283072
    },
    {
        "Handles":  229,
        "Name":  "chrome",
        "NPM":  16176,
        "PM":  12947456,
        "SI":  2,
        "VM":  2306919759872,
        "WS":  22454272
    },
    {
        "Handles":  1430,
        "Name":  "chrome",
        "NPM":  60968,
        "PM":  59273216,
        "SI":  2,
        "VM":  2307723923456,
        "WS":  159256576
    },
    {
        "Handles":  92,
        "Name":  "cmd",
        "NPM":  5024,
        "PM":  2318336,
        "SI":  0,
        "VM":  2203379605504,
        "WS":  4366336
    },
    {
        "Handles":  83,
        "Name":  "cmd",
        "NPM":  5608,
        "PM":  2600960,
        "SI":  2,
        "VM":  2203380563968,
        "WS":  5074944
    },
    {
        "Handles":  871,
        "Name":  "com.docker.backend",
        "NPM":  50480,
        "PM":  88301568,
        "SI":  2,
        "VM":  5857013760,
        "WS":  106864640
    },
    {
        "Handles":  196,
        "Name":  "com.docker.backend",
        "NPM":  14256,
        "PM":  38555648,
        "SI":  2,
        "VM":  5661569024,
        "WS":  46600192
    },
    {
        "Handles":  352,
        "Name":  "com.docker.build",
        "NPM":  18552,
        "PM":  28987392,
        "SI":  2,
        "VM":  5670129664,
        "WS":  36212736
    },
    {
        "Handles":  128,
        "Name":  "com.docker.dev-envs",
        "NPM":  10112,
        "PM":  16220160,
        "SI":  2,
        "VM":  5546627072,
        "WS":  12267520
    },
    {
        "Handles":  284,
        "Name":  "com.docker.diagnose",
        "NPM":  22448,
        "PM":  36470784,
        "SI":  2,
        "VM":  5648089088,
        "WS":  37158912
    },
    {
        "Handles":  163,
        "Name":  "conhost",
        "NPM":  10728,
        "PM":  6930432,
        "SI":  0,
        "VM":  2203421003776,
        "WS":  14397440
    },
    {
        "Handles":  117,
        "Name":  "conhost",
        "NPM":  7872,
        "PM":  6500352,
        "SI":  2,
        "VM":  2203426004992,
        "WS":  11874304
    },
    {
        "Handles":  108,
        "Name":  "conhost",
        "NPM":  7192,
        "PM":  6402048,
        "SI":  0,
        "VM":  2203404906496,
        "WS":  11284480
    },
    {
        "Handles":  272,
        "Name":  "conhost",
        "NPM":  15352,
        "PM":  4501504,
        "SI":  2,
        "VM":  2203496910848,
        "WS":  17149952
    },
    {
        "Handles":  270,
        "Name":  "conhost",
        "NPM":  14128,
        "PM":  7757824,
        "SI":  2,
        "VM":  2203495956480,
        "WS":  20537344
    },
    {
        "Handles":  654,
        "Name":  "csrss",
        "NPM":  26304,
        "PM":  2396160,
        "SI":  0,
        "VM":  2203418796032,
        "WS":  5165056
    },
    {
        "Handles":  194,
        "Name":  "csrss",
        "NPM":  12152,
        "PM":  1896448,
        "SI":  1,
        "VM":  2203406807040,
        "WS":  4632576
    },
    {
        "Handles":  617,
        "Name":  "csrss",
        "NPM":  20360,
        "PM":  2793472,
        "SI":  2,
        "VM":  2203455963136,
        "WS":  14970880
    },
    {
        "Handles":  498,
        "Name":  "ctfmon",
        "NPM":  17448,
        "PM":  4820992,
        "SI":  2,
        "VM":  2203488137216,
        "WS":  22880256
    },
    {
        "Handles":  353,
        "Name":  "dasHost",
        "NPM":  17360,
        "PM":  3424256,
        "SI":  0,
        "VM":  2203403427840,
        "WS":  12820480
    },
    {
        "Handles":  210,
        "Name":  "dllhost",
        "NPM":  17808,
        "PM":  4759552,
        "SI":  0,
        "VM":  2207715500032,
        "WS":  12664832
    },
    {
        "Handles":  298,
        "Name":  "dllhost",
        "NPM":  16856,
        "PM":  5742592,
        "SI":  2,
        "VM":  2207737167872,
        "WS":  15527936
    },
    {
        "Handles":  275,
        "Name":  "Docker Desktop",
        "NPM":  14840,
        "PM":  16830464,
        "SI":  2,
        "VM":  2238105657344,
        "WS":  49422336
    },
    {
        "Handles":  853,
        "Name":  "Docker Desktop",
        "NPM":  40720,
        "PM":  106639360,
        "SI":  2,
        "VM":  2238468804608,
        "WS":  97230848
    },
    {
        "Handles":  332,
        "Name":  "Docker Desktop",
        "NPM":  21288,
        "PM":  45199360,
        "SI":  2,
        "VM":  3418023448576,
        "WS":  96112640
    },
    {
        "Handles":  338,
        "Name":  "Docker Desktop",
        "NPM":  22376,
        "PM":  48177152,
        "SI":  2,
        "VM":  3418029092864,
        "WS":  108855296
    },
    {
        "Handles":  976,
        "Name":  "Docker Desktop",
        "NPM":  42784,
        "PM":  123445248,
        "SI":  2,
        "VM":  3418347999232,
        "WS":  131366912
    },
    {
        "Handles":  936,
        "Name":  "dwm",
        "NPM":  32416,
        "PM":  82464768,
        "SI":  1,
        "VM":  2203762016256,
        "WS":  93061120
    },
    {
        "Handles":  1233,
        "Name":  "dwm",
        "NPM":  41976,
        "PM":  90279936,
        "SI":  2,
        "VM":  2203825803264,
        "WS":  73347072
    },
    {
        "Handles":  4253,
        "Name":  "explorer",
        "NPM":  182896,
        "PM":  328577024,
        "SI":  2,
        "VM":  2204399583232,
        "WS":  409853952
    },
    {
        "Handles":  187,
        "Name":  "FileCoAuth",
        "NPM":  14408,
        "PM":  4898816,
        "SI":  2,
        "VM":  2203473944576,
        "WS":  20586496
    },
    {
        "Handles":  48,
        "Name":  "fontdrvhost",
        "NPM":  7200,
        "PM":  1564672,
        "SI":  0,
        "VM":  2203395973120,
        "WS":  4763648
    },
    {
        "Handles":  48,
        "Name":  "fontdrvhost",
        "NPM":  7336,
        "PM":  1667072,
        "SI":  1,
        "VM":  2203397509120,
        "WS":  4886528
    },
    {
        "Handles":  48,
        "Name":  "fontdrvhost",
        "NPM":  7880,
        "PM":  2109440,
        "SI":  2,
        "VM":  2203400134656,
        "WS":  6725632
    },
    {
        "Handles":  0,
        "Name":  "Idle",
        "NPM":  272,
        "PM":  61440,
        "SI":  0,
        "VM":  8192,
        "WS":  8192
    },
    {
        "Handles":  272,
        "Name":  "IpOverUsbSvc",
        "NPM":  16816,
        "PM":  8638464,
        "SI":  0,
        "VM":  126201856,
        "WS":  14905344
    },
    {
        "Handles":  799,
        "Name":  "LogonUI",
        "NPM":  41672,
        "PM":  65966080,
        "SI":  1,
        "VM":  2203824603136,
        "WS":  69787648
    },
    {
        "Handles":  52,
        "Name":  "LsaIso",
        "NPM":  6656,
        "PM":  1146880,
        "SI":  0,
        "VM":  2203372032000,
        "WS":  3801088
    },
    {
        "Handles":  1605,
        "Name":  "lsass",
        "NPM":  25256,
        "PM":  8626176,
        "SI":  0,
        "VM":  2203418226688,
        "WS":  20529152
    },
    {
        "Handles":  0,
        "Name":  "Memory Compression",
        "NPM":  0,
        "PM":  40960,
        "SI":  0,
        "VM":  0,
        "WS":  0
    },
    {
        "Handles":  480,
        "Name":  "MpDefenderCoreService",
        "NPM":  17848,
        "PM":  13930496,
        "SI":  0,
        "VM":  2203444920320,
        "WS":  27684864
    },
    {
        "Handles":  1197,
        "Name":  "msedge",
        "NPM":  46792,
        "PM":  45232128,
        "SI":  2,
        "VM":  2342378229760,
        "WS":  104202240
    },
    {
        "Handles":  142,
        "Name":  "msedge",
        "NPM":  10328,
        "PM":  2232320,
        "SI":  2,
        "VM":  2272266244096,
        "WS":  8527872
    },
    {
        "Handles":  498,
        "Name":  "msedge",
        "NPM":  30656,
        "PM":  62246912,
        "SI":  2,
        "VM":  2307246637056,
        "WS":  39346176
    },
    {
        "Handles":  317,
        "Name":  "msedge",
        "NPM":  19304,
        "PM":  11087872,
        "SI":  2,
        "VM":  2307132563456,
        "WS":  30846976
    },
    {
        "Handles":  177,
        "Name":  "msedge",
        "NPM":  12776,
        "PM":  7249920,
        "SI":  2,
        "VM":  2306952929280,
        "WS":  18104320
    },
    {
        "Handles":  1056,
        "Name":  "MsMpEng",
        "NPM":  244536,
        "PM":  363749376,
        "SI":  0,
        "VM":  2204143308800,
        "WS":  338681856
    },
    {
        "Handles":  208,
        "Name":  "NisSrv",
        "NPM":  15792,
        "PM":  5197824,
        "SI":  0,
        "VM":  2203430342656,
        "WS":  12853248
    },
    {
        "Handles":  371,
        "Name":  "NVDisplay.Container",
        "NPM":  18440,
        "PM":  9117696,
        "SI":  0,
        "VM":  2203466596352,
        "WS":  24305664
    },
    {
        "Handles":  541,
        "Name":  "NVDisplay.Container",
        "NPM":  26640,
        "PM":  34254848,
        "SI":  1,
        "VM":  2203621519360,
        "WS":  58564608
    },
    {
        "Handles":  642,
        "Name":  "NVDisplay.Container",
        "NPM":  26416,
        "PM":  33931264,
        "SI":  2,
        "VM":  2203617148928,
        "WS":  56233984
    },
    {
        "Handles":  199,
        "Name":  "nviewMain",
        "NPM":  11952,
        "PM":  1769472,
        "SI":  2,
        "VM":  78376960,
        "WS":  802816
    },
    {
        "Handles":  509,
        "Name":  "nviewMain64",
        "NPM":  15016,
        "PM":  6062080,
        "SI":  2,
        "VM":  4477698048,
        "WS":  4136960
    },
    {
        "Handles":  170,
        "Name":  "nviewMain64",
        "NPM":  9168,
        "PM":  1708032,
        "SI":  2,
        "VM":  4409954304,
        "WS":  208896
    },
    {
        "Handles":  150,
        "Name":  "nvWmi64",
        "NPM":  9032,
        "PM":  3219456,
        "SI":  0,
        "VM":  2203406946304,
        "WS":  10194944
    },
    {
        "Handles":  212,
        "Name":  "nvWmi64",
        "NPM":  13648,
        "PM":  6705152,
        "SI":  1,
        "VM":  2203494604800,
        "WS":  16838656
    },
    {
        "Handles":  1052,
        "Name":  "OneDrive",
        "NPM":  59424,
        "PM":  106074112,
        "SI":  2,
        "VM":  2207264047104,
        "WS":  129642496
    },
    {
        "Handles":  1624,
        "Name":  "PhoneExperienceHost",
        "NPM":  120976,
        "PM":  104673280,
        "SI":  2,
        "VM":  3157590540288,
        "WS":  179212288
    },
    {
        "Handles":  571,
        "Name":  "powershell",
        "NPM":  28776,
        "PM":  68460544,
        "SI":  2,
        "VM":  2204022673408,
        "WS":  69951488
    },
    {
        "Handles":  717,
        "Name":  "powershell",
        "NPM":  36384,
        "PM":  71192576,
        "SI":  2,
        "VM":  2204043554816,
        "WS":  82165760
    },
    {
        "Handles":  344,
        "Name":  "rdpclip",
        "NPM":  13896,
        "PM":  3072000,
        "SI":  2,
        "VM":  2203458682880,
        "WS":  13553664
    },
    {
        "Handles":  0,
        "Name":  "Registry",
        "NPM":  10064,
        "PM":  8900608,
        "SI":  0,
        "VM":  114798592,
        "WS":  83660800
    },
    {
        "Handles":  222,
        "Name":  "RuntimeBroker",
        "NPM":  12504,
        "PM":  2772992,
        "SI":  2,
        "VM":  2203449282560,
        "WS":  14864384
    },
    {
        "Handles":  301,
        "Name":  "RuntimeBroker",
        "NPM":  18352,
        "PM":  6733824,
        "SI":  2,
        "VM":  2203479523328,
        "WS":  29577216
    },
    {
        "Handles":  836,
        "Name":  "RuntimeBroker",
        "NPM":  39536,
        "PM":  17989632,
        "SI":  2,
        "VM":  2203640373248,
        "WS":  53096448
    },
    {
        "Handles":  315,
        "Name":  "RuntimeBroker",
        "NPM":  17128,
        "PM":  4423680,
        "SI":  2,
        "VM":  2203469094912,
        "WS":  24035328
    },
    {
        "Handles":  3953,
        "Name":  "SearchApp",
        "NPM":  190960,
        "PM":  314339328,
        "SI":  2,
        "VM":  2239114244096,
        "WS":  348606464
    },
    {
        "Handles":  701,
        "Name":  "SearchIndexer",
        "NPM":  72984,
        "PM":  34078720,
        "SI":  0,
        "VM":  2207828905984,
        "WS":  43671552
    },
    {
        "Handles":  0,
        "Name":  "Secure System",
        "NPM":  272,
        "PM":  188416,
        "SI":  0,
        "VM":  2269184,
        "WS":  936112128
    },
    {
        "Handles":  350,
        "Name":  "SecurityHealthService",
        "NPM":  15968,
        "PM":  4804608,
        "SI":  0,
        "VM":  2203422162944,
        "WS":  15245312
    },
    {
        "Handles":  783,
        "Name":  "services",
        "NPM":  15520,
        "PM":  7008256,
        "SI":  0,
        "VM":  2203407196160,
        "WS":  14929920
    },
    {
        "Handles":  117,
        "Name":  "SgrmBroker",
        "NPM":  7752,
        "PM":  10924032,
        "SI":  0,
        "VM":  2203652812800,
        "WS":  12935168
    },
    {
        "Handles":  520,
        "Name":  "sihost",
        "NPM":  18672,
        "PM":  9555968,
        "SI":  2,
        "VM":  2203496001536,
        "WS":  32804864
    },
    {
        "Handles":  415,
        "Name":  "smartscreen",
        "NPM":  22736,
        "PM":  8441856,
        "SI":  2,
        "VM":  2237838098432,
        "WS":  24064000
    },
    {
        "Handles":  56,
        "Name":  "smss",
        "NPM":  3496,
        "PM":  1134592,
        "SI":  0,
        "VM":  2203361079296,
        "WS":  1277952
    },
    {
        "Handles":  521,
        "Name":  "spoolsv",
        "NPM":  24392,
        "PM":  9572352,
        "SI":  0,
        "VM":  2203453149184,
        "WS":  24137728
    },
    {
        "Handles":  783,
        "Name":  "StartMenuExperienceHost",
        "NPM":  38096,
        "PM":  75685888,
        "SI":  2,
        "VM":  2203869167616,
        "WS":  85475328
    },
    {
        "Handles":  1277,
        "Name":  "svchost",
        "NPM":  55416,
        "PM":  101191680,
        "SI":  0,
        "VM":  2203865157632,
        "WS":  120938496
    },
    {
        "Handles":  1441,
        "Name":  "svchost",
        "NPM":  23752,
        "PM":  11907072,
        "SI":  0,
        "VM":  2203466346496,
        "WS":  30228480
    },
    {
        "Handles":  119,
        "Name":  "svchost",
        "NPM":  8136,
        "PM":  1372160,
        "SI":  0,
        "VM":  2203391168512,
        "WS":  5808128
    },
    {
        "Handles":  1222,
        "Name":  "svchost",
        "NPM":  22688,
        "PM":  8732672,
        "SI":  0,
        "VM":  2203426287616,
        "WS":  16658432
    },
    {
        "Handles":  417,
        "Name":  "svchost",
        "NPM":  15160,
        "PM":  4153344,
        "SI":  0,
        "VM":  2203410591744,
        "WS":  12529664
    },
    {
        "Handles":  153,
        "Name":  "svchost",
        "NPM":  8896,
        "PM":  1556480,
        "SI":  0,
        "VM":  2203391488000,
        "WS":  7356416
    },
    {
        "Handles":  458,
        "Name":  "svchost",
        "NPM":  16656,
        "PM":  17727488,
        "SI":  0,
        "VM":  2203438104576,
        "WS":  21323776
    },
    {
        "Handles":  213,
        "Name":  "svchost",
        "NPM":  12312,
        "PM":  2330624,
        "SI":  0,
        "VM":  2203399286784,
        "WS":  10391552
    },
    {
        "Handles":  298,
        "Name":  "svchost",
        "NPM":  9648,
        "PM":  2097152,
        "SI":  0,
        "VM":  2203404234752,
        "WS":  12677120
    },
    {
        "Handles":  143,
        "Name":  "svchost",
        "NPM":  24072,
        "PM":  4845568,
        "SI":  0,
        "VM":  2203390771200,
        "WS":  9408512
    },
    {
        "Handles":  231,
        "Name":  "svchost",
        "NPM":  10896,
        "PM":  2596864,
        "SI":  0,
        "VM":  2203397410816,
        "WS":  8384512
    },
    {
        "Handles":  398,
        "Name":  "svchost",
        "NPM":  18264,
        "PM":  6766592,
        "SI":  0,
        "VM":  2203428237312,
        "WS":  16642048
    },
    {
        "Handles":  172,
        "Name":  "svchost",
        "NPM":  7744,
        "PM":  1650688,
        "SI":  0,
        "VM":  2203398402048,
        "WS":  6627328
    },
    {
        "Handles":  155,
        "Name":  "svchost",
        "NPM":  11008,
        "PM":  2326528,
        "SI":  0,
        "VM":  2203399348224,
        "WS":  8343552
    },
    {
        "Handles":  139,
        "Name":  "svchost",
        "NPM":  9224,
        "PM":  1572864,
        "SI":  0,
        "VM":  2203392831488,
        "WS":  6569984
    },
    {
        "Handles":  127,
        "Name":  "svchost",
        "NPM":  8832,
        "PM":  1495040,
        "SI":  0,
        "VM":  2203392823296,
        "WS":  6414336
    },
    {
        "Handles":  244,
        "Name":  "svchost",
        "NPM":  14000,
        "PM":  3477504,
        "SI":  0,
        "VM":  2203437858816,
        "WS":  14778368
    },
    {
        "Handles":  475,
        "Name":  "svchost",
        "NPM":  13280,
        "PM":  3330048,
        "SI":  0,
        "VM":  2203405205504,
        "WS":  10510336
    },
    {
        "Handles":  131,
        "Name":  "svchost",
        "NPM":  8968,
        "PM":  1527808,
        "SI":  0,
        "VM":  2203392827392,
        "WS":  6504448
    },
    {
        "Handles":  392,
        "Name":  "svchost",
        "NPM":  13952,
        "PM":  4395008,
        "SI":  0,
        "VM":  2203424854016,
        "WS":  12181504
    },
    {
        "Handles":  237,
        "Name":  "svchost",
        "NPM":  10872,
        "PM":  3362816,
        "SI":  0,
        "VM":  2203404197888,
        "WS":  10801152
    },
    {
        "Handles":  175,
        "Name":  "svchost",
        "NPM":  9304,
        "PM":  1814528,
        "SI":  0,
        "VM":  2203394838528,
        "WS":  7843840
    },
    {
        "Handles":  150,
        "Name":  "svchost",
        "NPM":  9936,
        "PM":  1744896,
        "SI":  0,
        "VM":  2203396001792,
        "WS":  8519680
    },
    {
        "Handles":  250,
        "Name":  "svchost",
        "NPM":  13432,
        "PM":  2572288,
        "SI":  0,
        "VM":  2203420975104,
        "WS":  11325440
    },
    {
        "Handles":  127,
        "Name":  "svchost",
        "NPM":  8288,
        "PM":  1527808,
        "SI":  0,
        "VM":  2203389538304,
        "WS":  7565312
    },
    {
        "Handles":  214,
        "Name":  "svchost",
        "NPM":  10048,
        "PM":  1974272,
        "SI":  0,
        "VM":  2203401883648,
        "WS":  8085504
    },
    {
        "Handles":  219,
        "Name":  "svchost",
        "NPM":  8152,
        "PM":  1466368,
        "SI":  0,
        "VM":  2203394732032,
        "WS":  6213632
    },
    {
        "Handles":  203,
        "Name":  "svchost",
        "NPM":  15360,
        "PM":  999788544,
        "SI":  0,
        "VM":  2208722698240,
        "WS":  998375424
    },
    {
        "Handles":  173,
        "Name":  "svchost",
        "NPM":  9704,
        "PM":  2064384,
        "SI":  0,
        "VM":  2203399290880,
        "WS":  8179712
    },
    {
        "Handles":  185,
        "Name":  "svchost",
        "NPM":  11496,
        "PM":  2187264,
        "SI":  0,
        "VM":  2203404808192,
        "WS":  8642560
    },
    {
        "Handles":  182,
        "Name":  "svchost",
        "NPM":  10200,
        "PM":  2027520,
        "SI":  0,
        "VM":  2203398627328,
        "WS":  8728576
    },
    {
        "Handles":  272,
        "Name":  "svchost",
        "NPM":  12008,
        "PM":  3506176,
        "SI":  0,
        "VM":  2203409313792,
        "WS":  11149312
    },
    {
        "Handles":  225,
        "Name":  "svchost",
        "NPM":  12640,
        "PM":  2420736,
        "SI":  0,
        "VM":  2203417214976,
        "WS":  11935744
    },
    {
        "Handles":  228,
        "Name":  "svchost",
        "NPM":  15392,
        "PM":  2502656,
        "SI":  0,
        "VM":  2203407998976,
        "WS":  9740288
    },
    {
        "Handles":  166,
        "Name":  "svchost",
        "NPM":  10112,
        "PM":  1740800,
        "SI":  0,
        "VM":  2203398701056,
        "WS":  8597504
    },
    {
        "Handles":  189,
        "Name":  "svchost",
        "NPM":  11528,
        "PM":  2207744,
        "SI":  0,
        "VM":  2203438854144,
        "WS":  9109504
    },
    {
        "Handles":  305,
        "Name":  "svchost",
        "NPM":  16304,
        "PM":  3481600,
        "SI":  0,
        "VM":  2203415040000,
        "WS":  9428992
    },
    {
        "Handles":  294,
        "Name":  "svchost",
        "NPM":  13984,
        "PM":  3186688,
        "SI":  0,
        "VM":  2203419774976,
        "WS":  13869056
    },
    {
        "Handles":  206,
        "Name":  "svchost",
        "NPM":  11936,
        "PM":  2338816,
        "SI":  0,
        "VM":  2203404189696,
        "WS":  10305536
    },
    {
        "Handles":  208,
        "Name":  "svchost",
        "NPM":  12488,
        "PM":  2740224,
        "SI":  0,
        "VM":  2203415187456,
        "WS":  11456512
    },
    {
        "Handles":  365,
        "Name":  "svchost",
        "NPM":  12992,
        "PM":  2547712,
        "SI":  0,
        "VM":  2203403309056,
        "WS":  10108928
    },
    {
        "Handles":  454,
        "Name":  "svchost",
        "NPM":  18992,
        "PM":  10993664,
        "SI":  0,
        "VM":  2203450667008,
        "WS":  21553152
    },
    {
        "Handles":  232,
        "Name":  "svchost",
        "NPM":  14568,
        "PM":  2867200,
        "SI":  0,
        "VM":  2203420098560,
        "WS":  14467072
    },
    {
        "Handles":  137,
        "Name":  "svchost",
        "NPM":  9560,
        "PM":  1601536,
        "SI":  0,
        "VM":  2203393531904,
        "WS":  7520256
    },
    {
        "Handles":  262,
        "Name":  "svchost",
        "NPM":  16696,
        "PM":  3010560,
        "SI":  0,
        "VM":  2203403825152,
        "WS":  10485760
    },
    {
        "Handles":  406,
        "Name":  "svchost",
        "NPM":  34216,
        "PM":  12021760,
        "SI":  0,
        "VM":  2203441647616,
        "WS":  21790720
    },
    {
        "Handles":  131,
        "Name":  "svchost",
        "NPM":  8560,
        "PM":  1499136,
        "SI":  0,
        "VM":  2203388276736,
        "WS":  7200768
    },
    {
        "Handles":  139,
        "Name":  "svchost",
        "NPM":  9016,
        "PM":  1507328,
        "SI":  0,
        "VM":  2203391516672,
        "WS":  6959104
    },
    {
        "Handles":  143,
        "Name":  "svchost",
        "NPM":  8016,
        "PM":  1441792,
        "SI":  0,
        "VM":  2203391217664,
        "WS":  6807552
    },
    {
        "Handles":  273,
        "Name":  "svchost",
        "NPM":  27576,
        "PM":  4804608,
        "SI":  0,
        "VM":  2207720030208,
        "WS":  14659584
    },
    {
        "Handles":  341,
        "Name":  "svchost",
        "NPM":  20560,
        "PM":  33431552,
        "SI":  0,
        "VM":  2203526230016,
        "WS":  41975808
    },
    {
        "Handles":  360,
        "Name":  "svchost",
        "NPM":  15688,
        "PM":  2969600,
        "SI":  0,
        "VM":  2203409801216,
        "WS":  11239424
    },
    {
        "Handles":  618,
        "Name":  "svchost",
        "NPM":  32296,
        "PM":  25686016,
        "SI":  0,
        "VM":  2203553640448,
        "WS":  53923840
    },
    {
        "Handles":  140,
        "Name":  "svchost",
        "NPM":  9992,
        "PM":  1646592,
        "SI":  0,
        "VM":  2203392335872,
        "WS":  7147520
    },
    {
        "Handles":  108,
        "Name":  "svchost",
        "NPM":  7608,
        "PM":  1290240,
        "SI":  0,
        "VM":  2203388837888,
        "WS":  5767168
    },
    {
        "Handles":  143,
        "Name":  "svchost",
        "NPM":  8056,
        "PM":  1429504,
        "SI":  0,
        "VM":  2203390091264,
        "WS":  6156288
    },
    {
        "Handles":  362,
        "Name":  "svchost",
        "NPM":  18792,
        "PM":  4550656,
        "SI":  0,
        "VM":  2203434893312,
        "WS":  20500480
    },
    {
        "Handles":  208,
        "Name":  "svchost",
        "NPM":  12584,
        "PM":  1888256,
        "SI":  0,
        "VM":  2203394625536,
        "WS":  7974912
    },
    {
        "Handles":  164,
        "Name":  "svchost",
        "NPM":  9920,
        "PM":  7565312,
        "SI":  0,
        "VM":  2203414675456,
        "WS":  16490496
    },
    {
        "Handles":  210,
        "Name":  "svchost",
        "NPM":  12784,
        "PM":  2568192,
        "SI":  0,
        "VM":  2203409555456,
        "WS":  9781248
    },
    {
        "Handles":  385,
        "Name":  "svchost",
        "NPM":  24464,
        "PM":  3698688,
        "SI":  0,
        "VM":  2203420155904,
        "WS":  13553664
    },
    {
        "Handles":  113,
        "Name":  "svchost",
        "NPM":  7744,
        "PM":  1363968,
        "SI":  0,
        "VM":  2203388817408,
        "WS":  5943296
    },
    {
        "Handles":  160,
        "Name":  "svchost",
        "NPM":  10416,
        "PM":  1945600,
        "SI":  0,
        "VM":  2203390689280,
        "WS":  7737344
    },
    {
        "Handles":  126,
        "Name":  "svchost",
        "NPM":  8288,
        "PM":  1548288,
        "SI":  0,
        "VM":  2203391254528,
        "WS":  6459392
    },
    {
        "Handles":  211,
        "Name":  "svchost",
        "NPM":  11008,
        "PM":  2027520,
        "SI":  0,
        "VM":  2203398426624,
        "WS":  8826880
    },
    {
        "Handles":  221,
        "Name":  "svchost",
        "NPM":  15712,
        "PM":  2400256,
        "SI":  0,
        "VM":  2203403935744,
        "WS":  8192000
    },
    {
        "Handles":  141,
        "Name":  "svchost",
        "NPM":  8560,
        "PM":  1720320,
        "SI":  0,
        "VM":  2203393097728,
        "WS":  7294976
    },
    {
        "Handles":  170,
        "Name":  "svchost",
        "NPM":  9968,
        "PM":  2076672,
        "SI":  0,
        "VM":  2203396091904,
        "WS":  8413184
    },
    {
        "Handles":  432,
        "Name":  "svchost",
        "NPM":  21448,
        "PM":  8126464,
        "SI":  2,
        "VM":  2203489542144,
        "WS":  33378304
    },
    {
        "Handles":  318,
        "Name":  "svchost",
        "NPM":  16488,
        "PM":  8638464,
        "SI":  2,
        "VM":  2203456790528,
        "WS":  24530944
    },
    {
        "Handles":  195,
        "Name":  "svchost",
        "NPM":  9776,
        "PM":  1925120,
        "SI":  0,
        "VM":  2203397054464,
        "WS":  8572928
    },
    {
        "Handles":  251,
        "Name":  "svchost",
        "NPM":  12368,
        "PM":  3383296,
        "SI":  0,
        "VM":  2203423428608,
        "WS":  15847424
    },
    {
        "Handles":  304,
        "Name":  "svchost",
        "NPM":  18448,
        "PM":  4210688,
        "SI":  0,
        "VM":  2203435634688,
        "WS":  17014784
    },
    {
        "Handles":  316,
        "Name":  "svchost",
        "NPM":  15904,
        "PM":  4112384,
        "SI":  2,
        "VM":  2203486957568,
        "WS":  23359488
    },
    {
        "Handles":  193,
        "Name":  "svchost",
        "NPM":  12624,
        "PM":  2686976,
        "SI":  0,
        "VM":  2203406909440,
        "WS":  10653696
    },
    {
        "Handles":  177,
        "Name":  "svchost",
        "NPM":  11128,
        "PM":  2424832,
        "SI":  0,
        "VM":  2203422511104,
        "WS":  14553088
    },
    {
        "Handles":  159,
        "Name":  "svchost",
        "NPM":  10936,
        "PM":  2367488,
        "SI":  0,
        "VM":  2203405484032,
        "WS":  10579968
    },
    {
        "Handles":  400,
        "Name":  "svchost",
        "NPM":  16392,
        "PM":  9719808,
        "SI":  0,
        "VM":  2203469123584,
        "WS":  19501056
    },
    {
        "Handles":  244,
        "Name":  "svchost",
        "NPM":  13320,
        "PM":  3723264,
        "SI":  0,
        "VM":  2203420246016,
        "WS":  14442496
    },
    {
        "Handles":  388,
        "Name":  "svchost",
        "NPM":  20600,
        "PM":  5697536,
        "SI":  0,
        "VM":  2203451518976,
        "WS":  18808832
    },
    {
        "Handles":  227,
        "Name":  "svchost",
        "NPM":  13952,
        "PM":  3432448,
        "SI":  0,
        "VM":  2203409530880,
        "WS":  11608064
    },
    {
        "Handles":  442,
        "Name":  "svchost",
        "NPM":  25248,
        "PM":  5812224,
        "SI":  2,
        "VM":  2212061663232,
        "WS":  20897792
    },
    {
        "Handles":  139,
        "Name":  "svchost",
        "NPM":  9376,
        "PM":  1695744,
        "SI":  0,
        "VM":  2203400568832,
        "WS":  8380416
    },
    {
        "Handles":  3848,
        "Name":  "System",
        "NPM":  272,
        "PM":  204800,
        "SI":  0,
        "VM":  6426624,
        "WS":  1142784
    },
    {
        "Handles":  479,
        "Name":  "taskhostw",
        "NPM":  28664,
        "PM":  19922944,
        "SI":  0,
        "VM":  2203502202880,
        "WS":  37318656
    },
    {
        "Handles":  316,
        "Name":  "taskhostw",
        "NPM":  38408,
        "PM":  11345920,
        "SI":  2,
        "VM":  2207769260032,
        "WS":  23277568
    },
    {
        "Handles":  725,
        "Name":  "TextInputHost",
        "NPM":  30824,
        "PM":  61018112,
        "SI":  2,
        "VM":  2203808235520,
        "WS":  54845440
    },
    {
        "Handles":  144,
        "Name":  "typeperf",
        "NPM":  6248,
        "PM":  5419008,
        "SI":  2,
        "VM":  2203383136256,
        "WS":  9211904
    },
    {
        "Handles":  150,
        "Name":  "UserOOBEBroker",
        "NPM":  10872,
        "PM":  2469888,
        "SI":  2,
        "VM":  2203420954624,
        "WS":  10444800
    },
    {
        "Handles":  144,
        "Name":  "vmcompute",
        "NPM":  8816,
        "PM":  2170880,
        "SI":  0,
        "VM":  2203388989440,
        "WS":  8785920
    },
    {
        "Handles":  915,
        "Name":  "WaAppAgent",
        "NPM":  43680,
        "PM":  211927040,
        "SI":  0,
        "VM":  2204151361536,
        "WS":  89743360
    },
    {
        "Handles":  142,
        "Name":  "WaSecAgentProv",
        "NPM":  8192,
        "PM":  1921024,
        "SI":  0,
        "VM":  2203390640128,
        "WS":  7221248
    },
    {
        "Handles":  743,
        "Name":  "WindowsAzureGuestAgent",
        "NPM":  44208,
        "PM":  51810304,
        "SI":  0,
        "VM":  5072285696,
        "WS":  71315456
    },
    {
        "Handles":  172,
        "Name":  "wininit",
        "NPM":  12864,
        "PM":  1798144,
        "SI":  0,
        "VM":  2203393544192,
        "WS":  6971392
    },
    {
        "Handles":  231,
        "Name":  "winlogon",
        "NPM":  13168,
        "PM":  3735552,
        "SI":  1,
        "VM":  2203431247872,
        "WS":  11264000
    },
    {
        "Handles":  269,
        "Name":  "winlogon",
        "NPM":  13848,
        "PM":  4190208,
        "SI":  2,
        "VM":  2203432984576,
        "WS":  12922880
    },
    {
        "Handles":  294,
        "Name":  "WmiPrvSE",
        "NPM":  15088,
        "PM":  6197248,
        "SI":  0,
        "VM":  2203413803008,
        "WS":  14446592
    },
    {
        "Handles":  177,
        "Name":  "WmiPrvSE",
        "NPM":  11888,
        "PM":  3452928,
        "SI":  0,
        "VM":  2203402850304,
        "WS":  11599872
    },
    {
        "Handles":  442,
        "Name":  "wslservice",
        "NPM":  21472,
        "PM":  6369280,
        "SI":  0,
        "VM":  2203472941056,
        "WS":  22302720
    },
    {
        "Handles":  561,
        "Name":  "WUDFHost",
        "NPM":  22600,
        "PM":  62738432,
        "SI":  0,
        "VM":  2203634438144,
        "WS":  43864064
    }
]
