[
    {
        "DisplayName":  "Anaconda3 2024.02-1 (Python 3.11.7 64-bit)",
        "DisplayVersion":  "2024.02-1",
        "Publisher":  "Anaconda, Inc.",
        "InstallDate":  null
    },
    {
        "DisplayName":  null,
        "DisplayVersion":  null,
        "Publisher":  null,
        "InstallDate":  null
    },
    {
        "DisplayName":  "Docker Desktop",
        "DisplayVersion":  "4.31.1",
        "Publisher":  "Docker Inc.",
        "InstallDate":  null
    },
    {
        "DisplayName":  "Git",
        "DisplayVersion":  "2.45.2",
        "Publisher":  "The Git Development Community",
        "InstallDate":  "20240612"
    },
    {
        "DisplayName":  null,
        "DisplayVersion":  null,
        "Publisher":  "Microsoft Corporation",
        "InstallDate":  null
    },
    {
        "DisplayName":  null,
        "DisplayVersion":  null,
        "Publisher":  "Microsoft Corporation",
        "InstallDate":  null
    },
    {
        "DisplayName":  null,
        "DisplayVersion":  null,
        "Publisher":  "Microsoft Corporation",
        "InstallDate":  null
    },
    {
        "DisplayName":  null,
        "DisplayVersion":  null,
        "Publisher":  null,
        "InstallDate":  null
    },
    {
        "DisplayName":  "WinRAR 7.01 (64-bit)",
        "DisplayVersion":  "7.01.0",
        "Publisher":  "win.rar GmbH",
        "InstallDate":  null
    },
    {
        "DisplayName":  "Microsoft Visual C++ 2019 X64 Minimum Runtime - 14.22.27821",
        "DisplayVersion":  "14.22.27821",
        "Publisher":  "Microsoft Corporation",
        "InstallDate":  "20240612"
    },
    {
        "DisplayName":  "Python 3.10.0 Add to Path (64-bit)",
        "DisplayVersion":  "3.10.150.0",
        "Publisher":  "Python Software Foundation",
        "InstallDate":  "20240612"
    },
    {
        "DisplayName":  "Microsoft Update Health Tools",
        "DisplayVersion":  "3.74.0.0",
        "Publisher":  "Microsoft Corporation",
        "InstallDate":  "20240704"
    },
    {
        "DisplayName":  "Python 3.10.0 Documentation (64-bit)",
        "DisplayVersion":  "3.10.150.0",
        "Publisher":  "Python Software Foundation",
        "InstallDate":  "20240612"
    },
    {
        "DisplayName":  "Universal CRT Tools x64",
        "DisplayVersion":  "10.1.26100.1",
        "Publisher":  "Microsoft Corporation",
        "InstallDate":  "20240707"
    },
    {
        "DisplayName":  "Windows SDK DirectX x64 Remote",
        "DisplayVersion":  "10.1.26100.1",
        "Publisher":  "Microsoft Corporation",
        "InstallDate":  "20240707"
    },
    {
        "DisplayName":  "Python 3.10.0 Utility Scripts (64-bit)",
        "DisplayVersion":  "3.10.150.0",
        "Publisher":  "Python Software Foundation",
        "InstallDate":  "20240612"
    },
    {
        "DisplayName":  "Windows Subsystem for Linux",
        "DisplayVersion":  "2.2.4.0",
        "Publisher":  "Microsoft Corporation",
        "InstallDate":  "20240715"
    },
    {
        "DisplayName":  "Microsoft Azure CLI (64-bit)",
        "DisplayVersion":  "2.61.0",
        "Publisher":  "Microsoft Corporation",
        "InstallDate":  "20240706"
    },
    {
        "DisplayName":  "Windows App Certification Kit Native Components",
        "DisplayVersion":  "10.1.26100.1",
        "Publisher":  "Microsoft Corporation",
        "InstallDate":  "20240707"
    },
    {
        "DisplayName":  "Python 3.10.0 Test Suite (64-bit)",
        "DisplayVersion":  "3.10.150.0",
        "Publisher":  "Python Software Foundation",
        "InstallDate":  "20240612"
    },
    {
        "DisplayName":  "Microsoft Visual C++ 2019 X64 Additional Runtime - 14.22.27821",
        "DisplayVersion":  "14.22.27821",
        "Publisher":  "Microsoft Corporation",
        "InstallDate":  "20240612"
    },
    {
        "DisplayName":  "Update for Windows 10 for x64-based Systems (KB5001716)",
        "DisplayVersion":  "8.94.0.0",
        "Publisher":  "Microsoft Corporation",
        "InstallDate":  "20240704"
    },
    {
        "DisplayName":  "Python 3.10.0 Development Libraries (64-bit)",
        "DisplayVersion":  "3.10.150.0",
        "Publisher":  "Python Software Foundation",
        "InstallDate":  "20240612"
    },
    {
        "DisplayName":  "Python 3.10.0 Tcl/Tk Support (64-bit)",
        "DisplayVersion":  "3.10.150.0",
        "Publisher":  "Python Software Foundation",
        "InstallDate":  "20240612"
    },
    {
        "DisplayName":  "Python 3.10.0 Core Interpreter (64-bit)",
        "DisplayVersion":  "3.10.150.0",
        "Publisher":  "Python Software Foundation",
        "InstallDate":  "20240612"
    },
    {
        "DisplayName":  "NVIDIA Graphics Driver 538.46",
        "DisplayVersion":  "538.46",
        "Publisher":  "NVIDIA Corporation",
        "InstallDate":  "20240615"
    },
    {
        "DisplayName":  "NVIDIA RTX Desktop Manager 204.61",
        "DisplayVersion":  "204.61",
        "Publisher":  "NVIDIA Corporation",
        "InstallDate":  "20240615"
    },
    {
        "DisplayName":  "NVIDIA Install Application",
        "DisplayVersion":  "2.1002.408.0",
        "Publisher":  "NVIDIA Corporation",
        "InstallDate":  "20240615"
    },
    {
        "DisplayName":  "Application Verifier x64 External Package (OnecoreUAP)",
        "DisplayVersion":  "10.1.26100.1",
        "Publisher":  "Microsoft",
        "InstallDate":  "20240707"
    },
    {
        "DisplayName":  "Python 3.10.0 Standard Library (64-bit)",
        "DisplayVersion":  "3.10.150.0",
        "Publisher":  "Python Software Foundation",
        "InstallDate":  "20240612"
    },
    {
        "DisplayName":  "Python 3.10.0 pip Bootstrap (64-bit)",
        "DisplayVersion":  "3.10.150.0",
        "Publisher":  "Python Software Foundation",
        "InstallDate":  "20240612"
    },
    {
        "DisplayName":  "Python 3.10.0 Executables (64-bit)",
        "DisplayVersion":  "3.10.150.0",
        "Publisher":  "Python Software Foundation",
        "InstallDate":  "20240612"
    },
    {
        "DisplayName":  "PuTTY release 0.81 (64-bit)",
        "DisplayVersion":  "0.81.0.0",
        "Publisher":  "Simon Tatham",
        "InstallDate":  "20240709"
    },
    {
        "DisplayName":  "Application Verifier x64 External Package (DesktopEditions)",
        "DisplayVersion":  "10.1.26100.1",
        "Publisher":  "Microsoft",
        "InstallDate":  "20240707"
    }
]
