{
    "AdminPasswordStatus":  3,
    "BootupState":  "Normal boot",
    "ChassisBootupState":  3,
    "KeyboardPasswordStatus":  3,
    "PowerOnPasswordStatus":  3,
    "PowerSupplyState":  3,
    "PowerState":  0,
    "FrontPanelResetStatus":  3,
    "ThermalState":  3,
    "Status":  "OK",
    "Name":  "<HOST>",
    "PowerManagementCapabilities":  null,
    "PowerManagementSupported":  null,
    "Caption":  "<HOST>",
    "Description":  "AT/AT COMPATIBLE",
    "InstallDate":  null,
    "CreationClassName":  "Win32_ComputerSystem",
    "NameFormat":  null,
    "PrimaryOwnerContact":  null,
    "PrimaryOwnerName":  null,
    "Roles":  [
                  "LM_Workstation",
                  "LM_Server",
                  "NT"
              ],
    "InitialLoadInfo":  null,
    "LastLoadInfo":  null,
    "ResetCapability":  1,
    "AutomaticManagedPagefile":  false,
    "AutomaticResetBootOption":  true,
    "AutomaticResetCapability":  true,
    "BootOptionOnLimit":  null,
    "BootOptionOnWatchDog":  null,
    "BootROMSupported":  true,
    "BootStatus":  [
                       0,
                       0,
                       0,
                       127,
                       4,
                       255,
                       254,
                       0,
                       0,
                       0
                   ],
    "ChassisSKUNumber":  "Virtual Machine",
    "CurrentTimeZone":  0,
    "DaylightInEffect":  null,
    "DNSHostName":  "<HOST>",
    "Domain":  "WORKGROUP",
    "DomainRole":  0,
    "EnableDaylightSavingsTime":  true,
    "HypervisorPresent":  true,
    "InfraredSupported":  false,
    "Manufacturer":  "Microsoft Corporation",
    "Model":  "Virtual Machine",
    "NetworkServerModeEnabled":  true,
    "NumberOfLogicalProcessors":  36,
    "NumberOfProcessors":  1,
    "OEMStringArray":  [
                           "[MS_VM_CERT/SHA1/9b80ca0d5dd061ec9da4e494f4c3fd1196270c22]",
                           "00000000000000000000000000000000",
                           "To be filled by OEM"
                       ],
    "PartOfDomain":  false,
    "PauseAfterReset":  -1,
    "PCSystemType":  1,
    "PCSystemTypeEx":  1,
    "ResetCount":  -1,
    "ResetLimit":  -1,
    "SupportContactDescription":  null,
    "SystemFamily":  "Virtual Machine",
    "SystemSKUNumber":  "None",
    "SystemStartupDelay":  null,
    "SystemStartupOptions":  null,
    "SystemStartupSetting":  null,
    "SystemType":  "x64-based PC",
    "TotalPhysicalMemory":  472445227008,
    "UserName":  null,
    "WakeUpType":  6,
    "Workgroup":  "WORKGROUP",
    "PSComputerName":  null
}
