{
    "Status":  "OK",
    "Name":  "Base Board",
    "PoweredOn":  true,
    "Caption":  "Base Board",
    "Description":  "Base Board",
    "InstallDate":  null,
    "CreationClassName":  "Win32_BaseBoard",
    "Manufacturer":  "Microsoft Corporation",
    "Model":  null,
    "OtherIdentifyingInfo":  null,
    "PartNumber":  null,
    "SerialNumber":  "0000-0010-7872-4627-8584-2585-83",
    "SKU":  null,
    "Tag":  "Base Board",
    "Version":  "Hyper-V UEFI Release v4.1",
    "Depth":  null,
    "Height":  null,
    "HotSwappable":  false,
    "Removable":  false,
    "Replaceable":  false,
    "Weight":  null,
    "Width":  null,
    "HostingBoard":  true,
    "RequirementsDescription":  null,
    "RequiresDaughterBoard":  false,
    "SlotLayout":  null,
    "SpecialRequirements":  null,
    "ConfigOptions":  null,
    "Product":  "Virtual Machine",
    "PSComputerName":  null
}
