{
    "Availability":  3,
    "CpuStatus":  1,
    "CurrentVoltage":  11,
    "DeviceID":  "CPU0",
    "ErrorCleared":  null,
    "ErrorDescription":  null,
    "LastErrorCode":  null,
    "LoadPercentage":  1,
    "Status":  "OK",
    "StatusInfo":  3,
    "AddressWidth":  64,
    "DataWidth":  64,
    "ExtClock":  100,
    "L2CacheSize":  null,
    "L2CacheSpeed":  null,
    "MaxClockSpeed":  3194,
    "PowerManagementSupported":  false,
    "ProcessorType":  3,
    "Revision":  257,
    "SocketDesignation":  "None",
    "Version":  "Model 1, Stepping 1",
    "VoltageCaps":  null,
    "Caption":  "AMD64 Family 25 Model 1 Stepping 1",
    "Description":  "AMD64 Family 25 Model 1 Stepping 1",
    "InstallDate":  null,
    "Name":  "AMD EPYC 74F3 24-Core Processor                ",
    "ConfigManagerErrorCode":  null,
    "ConfigManagerUserConfig":  null,
    "CreationClassName":  "Win32_Processor",
    "PNPDeviceID":  null,
    "PowerManagementCapabilities":  null,
    "SystemCreationClassName":  "Win32_ComputerSystem",
    "SystemName":  "<HOST>",
    "CurrentClockSpeed":  3194,
    "Family":  107,
    "OtherFamilyDescription":  null,
    "Role":  "CPU",
    "Stepping":  "1",
    "UniqueId":  null,
    "UpgradeMethod":  6,
    "Architecture":  9,
    "AssetTag":  "None",
    "Characteristics":  252,
    "L3CacheSize":  0,
    "L3CacheSpeed":  0,
    "Level":  25,
    "Manufacturer":  "AuthenticAMD",
    "NumberOfCores":  18,
    "NumberOfEnabledCore":  36,
    "NumberOfLogicalProcessors":  36,
    "PartNumber":  "None",
    "ProcessorId":  "0000000000000000",
    "SecondLevelAddressTranslationExtensions":  false,
    "SerialNumber":  "None",
    "ThreadCount":  2,
    "VirtualizationFirmwareEnabled":  true,
    "VMMonitorModeExtensions":  false,
    "PSComputerName":  null
}
