[
  {
    "timestamp": 1721140854291152100,
    "HasServerTimestamp": false,
    "content": "configuring proxies",
    "dockerAPI": "starting",
    "mode": "linux"
  },
  {
    "timestamp": 1721140854290626700,
    "HasServerTimestamp": false,
    "content": "",
    "idle": "running"
  },
  {
    "timestamp": 1721140854342082900,
    "HasServerTimestamp": false,
    "content": "",
    "docker": "starting",
    "mode": "linux",
    "source": "engines",
    "sessionID": "7e25b4a9-11a2-459c-9b01-582b1b59f2de"
  },
  {
    "timestamp": 1721140855269137600,
    "HasServerTimestamp": false,
    "content": "API proxy is serving requests",
    "dockerAPI": "running",
    "mode": "linux"
  },
  {
    "timestamp": 1721140855282779700,
    "HasServerTimestamp": false,
    "content": "starting WSL engine",
    "source": "wslengine"
  },
  {
    "timestamp": 1721140862204817200,
    "HasServerTimestamp": false,
    "content": "",
    "docker": "stopping",
    "mode": "linux",
    "source": "engines",
    "sessionID": "7e25b4a9-11a2-459c-9b01-582b1b59f2de"
  },
  {
    "timestamp": 1721140865245948300,
    "HasServerTimestamp": false,
    "content": "",
    "docker": "stopped",
    "mode": "linux",
    "error": "{\"type\":\"*errordef.dockerDesktopError\",\"component\":\"engines\",\"originalError\":{\"type\":\"*errors.fundamental\",\"description\":\"running engine: waiting for the VM setup to be ready: deploying WSL2 distributions\\nensuring main distro is deployed: deploying \\\"docker-desktop\\\": importing WSL distro \\\"WSL2 is not supported with your current machine configuration.\\\\r\\\\nPlease enable the \\\\\\\"Virtual Machine Platform\\\\\\\" optional component and ensure virtualization is enabled in the BIOS.\\\\r\\\\nEnable \\\\\\\"Virtual Machine Platform\\\\\\\" by running: wsl.exe --install --no-distribution\\\\r\\\\nFor information please visit https://aka.ms/enablevirtualization\\\\r\\\\nError code: Wsl/Service/RegisterDistro/CreateVm/HCS/HCS_E_HYPERV_NOT_INSTALLED\\\\r\\\\n\\\" output=\\\"docker-desktop\\\": exit code: 4294967295: running WSL command wsl.exe C:\\\\Windows\\\\System32\\\\wsl.exe --import docker-desktop \\u003cHOME\\u003e\\\\AppData\\\\Local\\\\Docker\\\\wsl\\\\main C:\\\\Program Files\\\\Docker\\\\Docker\\\\resources\\\\wsl\\\\wsl-bootstrap.tar --version 2: WSL2 is not supported with your current machine configuration.\\r\\nPlease enable the \\\"Virtual Machine Platform\\\" optional component and ensure virtualization is enabled in the BIOS.\\r\\nEnable \\\"Virtual Machine Platform\\\" by running: wsl.exe --install --no-distribution\\r\\nFor information please visit https://aka.ms/enablevirtualization\\r\\nError code: Wsl/Service/RegisterDistro/CreateVm/HCS/HCS_E_HYPERV_NOT_INSTALLED\\r\\n: exit status 0xffffffff\\nchecking if isocache exists: CreateFile \\\\\\\\wsl$\\\\docker-desktop-data\\\\isocache\\\\: The network name cannot be found.\",\"stacktrace\":[\"github.com/docker/pinata/common/pkg/errordef.helper.Wrap\\n\\tgithub.com/docker/pinata/common/pkg/errordef/helper.go:51\",\"github.com/docker/pinata/common/cmd/com.docker.backend/internal/engines.(*RunningEngine).Run.func1\\n\\tgithub.com/docker/pinata/common/cmd/com.docker.backend/internal/engines/running_engine.go:126\",\"runtime.goexit\\n\\truntime/asm_amd64.s:1695\"]},\"creationTime\":1721140865245378400,\"creationFile\":\"common/cmd/com.docker.backend/internal/engines/running_engine.go\",\"creationLine\":126,\"wrappedError\":{\"type\":\"*errordef.dockerDesktopError\",\"component\":\"engines\",\"originalError\":{\"type\":\"*errors.fundamental\",\"description\":\"waiting for the VM setup to be ready: deploying WSL2 distributions\\nensuring main distro is deployed: deploying \\\"docker-desktop\\\": importing WSL distro \\\"WSL2 is not supported with your current machine configuration.\\\\r\\\\nPlease enable the \\\\\\\"Virtual Machine Platform\\\\\\\" optional component and ensure virtualization is enabled in the BIOS.\\\\r\\\\nEnable \\\\\\\"Virtual Machine Platform\\\\\\\" by running: wsl.exe --install --no-distribution\\\\r\\\\nFor information please visit https://aka.ms/enablevirtualization\\\\r\\\\nError code: Wsl/Service/RegisterDistro/CreateVm/HCS/HCS_E_HYPERV_NOT_INSTALLED\\\\r\\\\n\\\" output=\\\"docker-desktop\\\": exit code: 4294967295: running WSL command wsl.exe C:\\\\Windows\\\\System32\\\\wsl.exe --import docker-desktop \\u003cHOME\\u003e\\\\AppData\\\\Local\\\\Docker\\\\wsl\\\\main C:\\\\Program Files\\\\Docker\\\\Docker\\\\resources\\\\wsl\\\\wsl-bootstrap.tar --version 2: WSL2 is not supported with your current machine configuration.\\r\\nPlease enable the \\\"Virtual Machine Platform\\\" optional component and ensure virtualization is enabled in the BIOS.\\r\\nEnable \\\"Virtual Machine Platform\\\" by running: wsl.exe --install --no-distribution\\r\\nFor information please visit https://aka.ms/enablevirtualization\\r\\nError code: Wsl/Service/RegisterDistro/CreateVm/HCS/HCS_E_HYPERV_NOT_INSTALLED\\r\\n: exit status 0xffffffff\\nchecking if isocache exists: CreateFile \\\\\\\\wsl$\\\\docker-desktop-data\\\\isocache\\\\: The network name cannot be found.\",\"stacktrace\":[\"github.com/docker/pinata/common/pkg/errordef.helper.Wrap\\n\\tgithub.com/docker/pinata/common/pkg/errordef/helper.go:51\",\"github.com/docker/pinata/common/cmd/com.docker.backend/internal/engines.(*RunningEngine).run\\n\\tgithub.com/docker/pinata/common/cmd/com.docker.backend/internal/engines/running_engine.go:158\",\"github.com/docker/pinata/common/cmd/com.docker.backend/internal/engines.(*RunningEngine).Run.func1\\n\\tgithub.com/docker/pinata/common/cmd/com.docker.backend/internal/engines/running_engine.go:126\",\"runtime.goexit\\n\\truntime/asm_amd64.s:1695\"]},\"creationTime\":1721140862204817200,\"creationFile\":\"common/cmd/com.docker.backend/internal/engines/running_engine.go\",\"creationLine\":158,\"wrappedError\":{\"type\":\"*errordef.dockerDesktopError\",\"component\":\"wslengine\",\"originalError\":{\"type\":\"*errors.joinError\",\"errors\":[{\"type\":\"*errordef.dockerDesktopError\",\"component\":\"wslprovisioner\",\"originalError\":{\"type\":\"*errors.joinError\",\"errors\":[{\"type\":\"*errordef.dockerDesktopError\",\"component\":\"wslengine/wsl\",\"originalError\":{\"type\":\"*errors.fundamental\",\"description\":\"deploying WSL2 distributions\",\"stacktrace\":[\"github.com/docker/pinata/common/pkg/errordef.helper.New\\n\\tgithub.com/docker/pinata/common/pkg/errordef/helper.go:39\",\"github.com/docker/pinata/common/cmd/com.docker.backend/internal/engines/wslengine/wsl.init\\n\\tgithub.com/docker/pinata/common/cmd/com.docker.backend/internal/engines/wslengine/wsl/provisioning.go:15\",\"runtime.doInit1\\n\\truntime/proc.go:7176\",\"runtime.doInit\\n\\truntime/proc.go:7143\",\"runtime.main\\n\\truntime/proc.go:253\",\"runtime.goexit\\n\\truntime/asm_amd64.s:1695\"]},\"creationTime\":1721140854175736100,\"creationFile\":\"common/cmd/com.docker.backend/internal/engines/wslengine/wsl/provisioning.go\",\"creationLine\":15},{\"type\":\"*errordef.dockerDesktopError\",\"component\":\"wslprovisioner\",\"originalError\":{\"type\":\"*errors.fundamental\",\"description\":\"ensuring main distro is deployed: deploying \\\"docker-desktop\\\": importing WSL distro \\\"WSL2 is not supported with your current machine configuration.\\\\r\\\\nPlease enable the \\\\\\\"Virtual Machine Platform\\\\\\\" optional component and ensure virtualization is enabled in the BIOS.\\\\r\\\\nEnable \\\\\\\"Virtual Machine Platform\\\\\\\" by running: wsl.exe --install --no-distribution\\\\r\\\\nFor information please visit https://aka.ms/enablevirtualization\\\\r\\\\nError code: Wsl/Service/RegisterDistro/CreateVm/HCS/HCS_E_HYPERV_NOT_INSTALLED\\\\r\\\\n\\\" output=\\\"docker-desktop\\\": exit code: 4294967295: running WSL command wsl.exe C:\\\\Windows\\\\System32\\\\wsl.exe --import docker-desktop \\u003cHOME\\u003e\\\\AppData\\\\Local\\\\Docker\\\\wsl\\\\main C:\\\\Program Files\\\\Docker\\\\Docker\\\\resources\\\\wsl\\\\wsl-bootstrap.tar --version 2: WSL2 is not supported with your current machine configuration.\\r\\nPlease enable the \\\"Virtual Machine Platform\\\" optional component and ensure virtualization is enabled in the BIOS.\\r\\nEnable \\\"Virtual Machine Platform\\\" by running: wsl.exe --install --no-distribution\\r\\nFor information please visit https://aka.ms/enablevirtualization\\r\\nError code: Wsl/Service/RegisterDistro/CreateVm/HCS/HCS_E_HYPERV_NOT_INSTALLED\\r\\n: exit status 0xffffffff\",\"stacktrace\":[\"github.com/docker/pinata/common/pkg/errordef.helper.Wrap\\n\\tgithub.com/docker/pinata/common/pkg/errordef/helper.go:51\",\"github.com/docker/pinata/common/cmd/com.docker.backend/internal/engines/wslengine/wslprovisioner.(*monoDistroProvisioner).provision\\n\\tgithub.com/docker/pinata/common/cmd/com.docker.backend/internal/engines/wslengine/wslprovisioner/monodistro_provisioner.go:45\",\"github.com/docker/pinata/common/cmd/com.docker.backend/internal/engines/wslengine/wslprovisioner.(*monoDistroProvisioner).deployDockerWslDistros\\n\\tgithub.com/docker/pinata/common/cmd/com.docker.backend/internal/engines/wslengine/wslprovisioner/monodistro_provisioner.go:29\",\"github.com/docker/pinata/common/cmd/com.docker.backend/internal/engines/wslengine/wslprovisioner.(*monoDistroProvisioner).Bootstrap\\n\\tgithub.com/docker/pinata/common/cmd/com.docker.backend/internal/engines/wslengine/wslprovisioner/monodistro_provisioner.go:83\",\"github.com/docker/pinata/common/cmd/com.docker.backend/internal/engines/wslengine/wslprovisioner.(*shimWslProvisioner).Bootstrap\\n\\tgithub.com/docker/pinata/common/cmd/com.docker.backend/internal/engines/wslengine/wslprovisioner/shim_provisioner.go:54\",\"github.com/docker/pinata/common/cmd/com.docker.backend/internal/engines/wslengine.(*wslEngine).run\\n\\tgithub.com/docker/pinata/common/cmd/com.docker.backend/internal/engines/wslengine/engine_windows.go:168\",\"github.com/docker/pinata/common/cmd/com.docker.backend/internal/engines/wslengine.(*wslEngine).Run\\n\\tgithub.com/docker/pinata/common/cmd/com.docker.backend/internal/engines/wslengine/engine_windows.go:135\",\"github.com/docker/pinata/common/cmd/com.docker.backend/internal/engines.(*RunningEngine).run.func1\\n\\tgithub.com/docker/pinata/common/cmd/com.docker.backend/internal/engines/running_engine.go:146\",\"golang.org/x/sync/errgroup.(*Group).Go.func1\\n\\tgolang.org/x/sync@v0.6.0/errgroup/errgroup.go:78\",\"runtime.goexit\\n\\truntime/asm_amd64.s:1695\"]},\"creationTime\":1721140862166348000,\"creationFile\":\"common/cmd/com.docker.backend/internal/engines/wslengine/wslprovisioner/monodistro_provisioner.go\",\"creationLine\":45,\"wrappedError\":{\"type\":\"*errordef.dockerDesktopError\",\"component\":\"wslprovisioner\",\"originalError\":{\"type\":\"*errors.fundamental\",\"description\":\"deploying \\\"docker-desktop\\\": importing WSL distro \\\"WSL2 is not supported with your current machine configuration.\\\\r\\\\nPlease enable the \\\\\\\"Virtual Machine Platform\\\\\\\" optional component and ensure virtualization is enabled in the BIOS.\\\\r\\\\nEnable \\\\\\\"Virtual Machine Platform\\\\\\\" by running: wsl.exe --install --no-distribution\\\\r\\\\nFor information please visit https://aka.ms/enablevirtualization\\\\r\\\\nError code: Wsl/Service/RegisterDistro/CreateVm/HCS/HCS_E_HYPERV_NOT_INSTALLED\\\\r\\\\n\\\" output=\\\"docker-desktop\\\": exit code: 4294967295: running WSL command wsl.exe C:\\\\Windows\\\\System32\\\\wsl.exe --import docker-desktop \\u003cHOME\\u003e\\\\AppData\\\\Local\\\\Docker\\\\wsl\\\\main C:\\\\Program Files\\\\Docker\\\\Docker\\\\resources\\\\wsl\\\\wsl-bootstrap.tar --version 2: WSL2 is not supported with your current machine configuration.\\r\\nPlease enable the \\\"Virtual Machine Platform\\\" optional component and ensure virtualization is enabled in the BIOS.\\r\\nEnable \\\"Virtual Machine Platform\\\" by running: wsl.exe --install --no-distribution\\r\\nFor information please visit https://aka.ms/enablevirtualization\\r\\nError code: Wsl/Service/RegisterDistro/CreateVm/HCS/HCS_E_HYPERV_NOT_INSTALLED\\r\\n: exit status 0xffffffff\",\"stacktrace\":[\"github.com/docker/pinata/common/pkg/errordef.helper.Wrapf\\n\\tgithub.com/docker/pinata/common/pkg/errordef/helper.go:58\",\"github.com/docker/pinata/common/cmd/com.docker.backend/internal/engines/wslengine/wslprovisioner.deployAndBootstrapMainDistro\\n\\tgithub.com/docker/pinata/common/cmd/com.docker.backend/internal/engines/wslengine/wslprovisioner/provisioning_windows.go:86\",\"github.com/docker/pinata/common/cmd/com.docker.backend/internal/engines/wslengine/wslprovisioner.ensureMainDistroIsDeployed\\n\\tgithub.com/docker/pinata/common/cmd/com.docker.backend/internal/engines/wslengine/wslprovisioner/provisioning_windows.go:50\",\"github.com/docker/pinata/common/cmd/com.docker.backend/internal/engines/wslengine/wslprovisioner.(*monoDistroProvisioner).provision\\n\\tgithub.com/docker/pinata/common/cmd/com.docker.backend/internal/engines/wslengine/wslprovisioner/monodistro_provisioner.go:44\",\"github.com/docker/pinata/common/cmd/com.docker.backend/internal/engines/wslengine/wslprovisioner.(*monoDistroProvisioner).deployDockerWslDistros\\n\\tgithub.com/docker/pinata/common/cmd/com.docker.backend/internal/engines/wslengine/wslprovisioner/monodistro_provisioner.go:29\",\"github.com/docker/pinata/common/cmd/com.docker.backend/internal/engines/wslengine/wslprovisioner.(*monoDistroProvisioner).Bootstrap\\n\\tgithub.com/docker/pinata/common/cmd/com.docker.backend/internal/engines/wslengine/wslprovisioner/monodistro_provisioner.go:83\",\"github.com/docker/pinata/common/cmd/com.docker.backend/internal/engines/wslengine/wslprovisioner.(*shimWslProvisioner).Bootstrap\\n\\tgithub.com/docker/pinata/common/cmd/com.docker.backend/internal/engines/wslengine/wslprovisioner/shim_provisioner.go:54\",\"github.com/docker/pinata/common/cmd/com.docker.backend/internal/engines/wslengine.(*wslEngine).run\\n\\tgithub.com/docker/pinata/common/cmd/com.docker.backend/internal/engines/wslengine/engine_windows.go:168\",\"github.com/docker/pinata/common/cmd/com.docker.backend/internal/engines/wslengine.(*wslEngine).Run\\n\\tgithub.com/docker/pinata/common/cmd/com.docker.backend/internal/engines/wslengine/engine_windows.go:135\",\"github.com/docker/pinata/common/cmd/com.docker.backend/internal/engines.(*RunningEngine).run.func1\\n\\tgithub.com/docker/pinata/common/cmd/com.docker.backend/internal/engines/running_engine.go:146\",\"golang.org/x/sync/errgroup.(*Group).Go.func1\\n\\tgolang.org/x/sync@v0.6.0/errgroup/errgroup.go:78\",\"runtime.goexit\\n\\truntime/asm_amd64.s:1695\"]},\"creationTime\":1721140862166348000,\"creationFile\":\"common/cmd/com.docker.backend/internal/engines/wslengine/wslprovisioner/provisioning_windows.go\",\"creationLine\":86,\"wrappedError\":{\"type\":\"*errordef.dockerDesktopError\",\"component\":\"wslprovisioner\",\"originalError\":{\"type\":\"*errors.fundamental\",\"description\":\"importing WSL distro \\\"WSL2 is not supported with your current machine configuration.\\\\r\\\\nPlease enable the \\\\\\\"Virtual Machine Platform\\\\\\\" optional component and ensure virtualization is enabled in the BIOS.\\\\r\\\\nEnable \\\\\\\"Virtual Machine Platform\\\\\\\" by running: wsl.exe --install --no-distribution\\\\r\\\\nFor information please visit https://aka.ms/enablevirtualization\\\\r\\\\nError code: Wsl/Service/RegisterDistro/CreateVm/HCS/HCS_E_HYPERV_NOT_INSTALLED\\\\r\\\\n\\\" output=\\\"docker-desktop\\\": exit code: 4294967295: running WSL command wsl.exe C:\\\\Windows\\\\System32\\\\wsl.exe --import docker-desktop \\u003cHOME\\u003e\\\\AppData\\\\Local\\\\Docker\\\\wsl\\\\main C:\\\\Program Files\\\\Docker\\\\Docker\\\\resources\\\\wsl\\\\wsl-bootstrap.tar --version 2: WSL2 is not supported with your current machine configuration.\\r\\nPlease enable the \\\"Virtual Machine Platform\\\" optional component and ensure virtualization is enabled in the BIOS.\\r\\nEnable \\\"Virtual Machine Platform\\\" by running: wsl.exe --install --no-distribution\\r\\nFor information please visit https://aka.ms/enablevirtualization\\r\\nError code: Wsl/Service/RegisterDistro/CreateVm/HCS/HCS_E_HYPERV_NOT_INSTALLED\\r\\n: exit status 0xffffffff\",\"stacktrace\":[\"github.com/docker/pinata/common/pkg/errordef.helper.Wrapf\\n\\tgithub.com/docker/pinata/common/pkg/errordef/helper.go:58\",\"github.com/docker/pinata/common/cmd/com.docker.backend/internal/engines/wslengine/wslprovisioner.deployDockerDistro\\n\\tgithub.com/docker/pinata/common/cmd/com.docker.backend/internal/engines/wslengine/wslprovisioner/provisioning_windows.go:97\",\"github.com/docker/pinata/common/cmd/com.docker.backend/internal/engines/wslengine/wslprovisioner.deployAndBootstrapMainDistro\\n\\tgithub.com/docker/pinata/common/cmd/com.docker.backend/internal/engines/wslengine/wslprovisioner/provisioning_windows.go:86\",\"github.com/docker/pinata/common/cmd/com.docker.backend/internal/engines/wslengine/wslprovisioner.ensureMainDistroIsDeployed\\n\\tgithub.com/docker/pinata/common/cmd/com.docker.backend/internal/engines/wslengine/wslprovisioner/provisioning_windows.go:50\",\"github.com/docker/pinata/common/cmd/com.docker.backend/internal/engines/wslengine/wslprovisioner.(*monoDistroProvisioner).provision\\n\\tgithub.com/docker/pinata/common/cmd/com.docker.backend/internal/engines/wslengine/wslprovisioner/monodistro_provisioner.go:44\",\"github.com/docker/pinata/common/cmd/com.docker.backend/internal/engines/wslengine/wslprovisioner.(*monoDistroProvisioner).deployDockerWslDistros\\n\\tgithub.com/docker/pinata/common/cmd/com.docker.backend/internal/engines/wslengine/wslprovisioner/monodistro_provisioner.go:29\",\"github.com/docker/pinata/common/cmd/com.docker.backend/internal/engines/wslengine/wslprovisioner.(*monoDistroProvisioner).Bootstrap\\n\\tgithub.com/docker/pinata/common/cmd/com.docker.backend/internal/engines/wslengine/wslprovisioner/monodistro_provisioner.go:83\",\"github.com/docker/pinata/common/cmd/com.docker.backend/internal/engines/wslengine/wslprovisioner.(*shimWslProvisioner).Bootstrap\\n\\tgithub.com/docker/pinata/common/cmd/com.docker.backend/internal/engines/wslengine/wslprovisioner/shim_provisioner.go:54\",\"github.com/docker/pinata/common/cmd/com.docker.backend/internal/engines/wslengine.(*wslEngine).run\\n\\tgithub.com/docker/pinata/common/cmd/com.docker.backend/internal/engines/wslengine/engine_windows.go:168\",\"github.com/docker/pinata/common/cmd/com.docker.backend/internal/engines/wslengine.(*wslEngine).Run\\n\\tgithub.com/docker/pinata/common/cmd/com.docker.backend/internal/engines/wslengine/engine_windows.go:135\",\"github.com/docker/pinata/common/cmd/com.docker.backend/internal/engines.(*RunningEngine).run.func1\\n\\tgithub.com/docker/pinata/common/cmd/com.docker.backend/internal/engines/running_engine.go:146\",\"golang.org/x/sync/errgroup.(*Group).Go.func1\\n\\tgolang.org/x/sync@v0.6.0/errgroup/errgroup.go:78\",\"runtime.goexit\\n\\truntime/asm_amd64.s:1695\"]},\"creationTime\":1721140862166348000,\"creationFile\":\"common/cmd/com.docker.backend/internal/engines/wslengine/wslprovisioner/provisioning_windows.go\",\"creationLine\":97,\"wrappedError\":{\"type\":\"*errordef.dockerDesktopError\",\"component\":\"wslexec\",\"originalError\":{\"type\":\"*errors.fundamental\",\"description\":\"exit code: 4294967295: running WSL command wsl.exe C:\\\\Windows\\\\System32\\\\wsl.exe --import docker-desktop \\u003cHOME\\u003e\\\\AppData\\\\Local\\\\Docker\\\\wsl\\\\main C:\\\\Program Files\\\\Docker\\\\Docker\\\\resources\\\\wsl\\\\wsl-bootstrap.tar --version 2: WSL2 is not supported with your current machine configuration.\\r\\nPlease enable the \\\"Virtual Machine Platform\\\" optional component and ensure virtualization is enabled in the BIOS.\\r\\nEnable \\\"Virtual Machine Platform\\\" by running: wsl.exe --install --no-distribution\\r\\nFor information please visit https://aka.ms/enablevirtualization\\r\\nError code: Wsl/Service/RegisterDistro/CreateVm/HCS/HCS_E_HYPERV_NOT_INSTALLED\\r\\n: exit status 0xffffffff\",\"stacktrace\":[\"github.com/docker/pinata/common/pkg/errordef.helper.Wrapf\\n\\tgithub.com/docker/pinata/common/pkg/errordef/helper.go:58\",\"github.com/docker/pinata/common/pkg/windows/wsl/wslexec.NewWSLCommandError\\n\\tgithub.com/docker/pinata/common/pkg/windows/wsl/wslexec/errors.go:54\",\"github.com/docker/pinata/common/pkg/windows/wsl/wsldistro.(*wslDistro).ImportDistro\\n\\tgithub.com/docker/pinata/common/pkg/windows/wsl/wsldistro/distro.go:161\",\"github.com/docker/pinata/common/cmd/com.docker.backend/internal/engines/wslengine/wslprovisioner.deployDockerDistro\\n\\tgithub.com/docker/pinata/common/cmd/com.docker.backend/internal/engines/wslengine/wslprovisioner/provisioning_windows.go:95\",\"github.com/docker/pinata/common/cmd/com.docker.backend/internal/engines/wslengine/wslprovisioner.deployAndBootstrapMainDistro\\n\\tgithub.com/docker/pinata/common/cmd/com.docker.backend/internal/engines/wslengine/wslprovisioner/provisioning_windows.go:86\",\"github.com/docker/pinata/common/cmd/com.docker.backend/internal/engines/wslengine/wslprovisioner.ensureMainDistroIsDeployed\\n\\tgithub.com/docker/pinata/common/cmd/com.docker.backend/internal/engines/wslengine/wslprovisioner/provisioning_windows.go:50\",\"github.com/docker/pinata/common/cmd/com.docker.backend/internal/engines/wslengine/wslprovisioner.(*monoDistroProvisioner).provision\\n\\tgithub.com/docker/pinata/common/cmd/com.docker.backend/internal/engines/wslengine/wslprovisioner/monodistro_provisioner.go:44\",\"github.com/docker/pinata/common/cmd/com.docker.backend/internal/engines/wslengine/wslprovisioner.(*monoDistroProvisioner).deployDockerWslDistros\\n\\tgithub.com/docker/pinata/common/cmd/com.docker.backend/internal/engines/wslengine/wslprovisioner/monodistro_provisioner.go:29\",\"github.com/docker/pinata/common/cmd/com.docker.backend/internal/engines/wslengine/wslprovisioner.(*monoDistroProvisioner).Bootstrap\\n\\tgithub.com/docker/pinata/common/cmd/com.docker.backend/internal/engines/wslengine/wslprovisioner/monodistro_provisioner.go:83\",\"github.com/docker/pinata/common/cmd/com.docker.backend/internal/engines/wslengine/wslprovisioner.(*shimWslProvisioner).Bootstrap\\n\\tgithub.com/docker/pinata/common/cmd/com.docker.backend/internal/engines/wslengine/wslprovisioner/shim_provisioner.go:54\",\"github.com/docker/pinata/common/cmd/com.docker.backend/internal/engines/wslengine.(*wslEngine).run\\n\\tgithub.com/docker/pinata/common/cmd/com.docker.backend/internal/engines/wslengine/engine_windows.go:168\",\"github.com/docker/pinata/common/cmd/com.docker.backend/internal/engines/wslengine.(*wslEngine).Run\\n\\tgithub.com/docker/pinata/common/cmd/com.docker.backend/internal/engines/wslengine/engine_windows.go:135\",\"github.com/docker/pinata/common/cmd/com.docker.backend/internal/engines.(*RunningEngine).run.func1\\n\\tgithub.com/docker/pinata/common/cmd/com.docker.backend/internal/engines/running_engine.go:146\",\"golang.org/x/sync/errgroup.(*Group).Go.func1\\n\\tgolang.org/x/sync@v0.6.0/errgroup/errgroup.go:78\",\"runtime.goexit\\n\\truntime/asm_amd64.s:1695\"]},\"creationTime\":1721140862166348000,\"creationFile\":\"common/pkg/windows/wsl/wslexec/errors.go\",\"creationLine\":54,\"wrappedError\":{\"type\":\"*errordef.dockerDesktopError\",\"component\":\"wslexec\",\"originalError\":{\"type\":\"*errors.fundamental\",\"description\":\"running WSL command wsl.exe C:\\\\Windows\\\\System32\\\\wsl.exe --import docker-desktop \\u003cHOME\\u003e\\\\AppData\\\\Local\\\\Docker\\\\wsl\\\\main C:\\\\Program Files\\\\Docker\\\\Docker\\\\resources\\\\wsl\\\\wsl-bootstrap.tar --version 2: WSL2 is not supported with your current machine configuration.\\r\\nPlease enable the \\\"Virtual Machine Platform\\\" optional component and ensure virtualization is enabled in the BIOS.\\r\\nEnable \\\"Virtual Machine Platform\\\" by running: wsl.exe --install --no-distribution\\r\\nFor information please visit https://aka.ms/enablevirtualization\\r\\nError code: Wsl/Service/RegisterDistro/CreateVm/HCS/HCS_E_HYPERV_NOT_INSTALLED\\r\\n: exit status 0xffffffff\",\"stacktrace\":[\"github.com/docker/pinata/common/pkg/errordef.helper.Wrapf\\n\\tgithub.com/docker/pinata/common/pkg/errordef/helper.go:58\",\"github.com/docker/pinata/common/pkg/windows/wsl/wslexec.NewWSLCommandError\\n\\tgithub.com/docker/pinata/common/pkg/windows/wsl/wslexec/errors.go:48\",\"github.com/docker/pinata/common/pkg/windows/wsl/wsldistro.(*wslDistro).ImportDistro\\n\\tgithub.com/docker/pinata/common/pkg/windows/wsl/wsldistro/distro.go:161\",\"github.com/docker/pinata/common/cmd/com.docker.backend/internal/engines/wslengine/wslprovisioner.deployDockerDistro\\n\\tgithub.com/docker/pinata/common/cmd/com.docker.backend/internal/engines/wslengine/wslprovisioner/provisioning_windows.go:95\",\"github.com/docker/pinata/common/cmd/com.docker.backend/internal/engines/wslengine/wslprovisioner.deployAndBootstrapMainDistro\\n\\tgithub.com/docker/pinata/common/cmd/com.docker.backend/internal/engines/wslengine/wslprovisioner/provisioning_windows.go:86\",\"github.com/docker/pinata/common/cmd/com.docker.backend/internal/engines/wslengine/wslprovisioner.ensureMainDistroIsDeployed\\n\\tgithub.com/docker/pinata/common/cmd/com.docker.backend/internal/engines/wslengine/wslprovisioner/provisioning_windows.go:50\",\"github.com/docker/pinata/common/cmd/com.docker.backend/internal/engines/wslengine/wslprovisioner.(*monoDistroProvisioner).provision\\n\\tgithub.com/docker/pinata/common/cmd/com.docker.backend/internal/engines/wslengine/wslprovisioner/monodistro_provisioner.go:44\",\"github.com/docker/pinata/common/cmd/com.docker.backend/internal/engines/wslengine/wslprovisioner.(*monoDistroProvisioner).deployDockerWslDistros\\n\\tgithub.com/docker/pinata/common/cmd/com.docker.backend/internal/engines/wslengine/wslprovisioner/monodistro_provisioner.go:29\",\"github.com/docker/pinata/common/cmd/com.docker.backend/internal/engines/wslengine/wslprovisioner.(*monoDistroProvisioner).Bootstrap\\n\\tgithub.com/docker/pinata/common/cmd/com.docker.backend/internal/engines/wslengine/wslprovisioner/monodistro_provisioner.go:83\",\"github.com/docker/pinata/common/cmd/com.docker.backend/internal/engines/wslengine/wslprovisioner.(*shimWslProvisioner).Bootstrap\\n\\tgithub.com/docker/pinata/common/cmd/com.docker.backend/internal/engines/wslengine/wslprovisioner/shim_provisioner.go:54\",\"github.com/docker/pinata/common/cmd/com.docker.backend/internal/engines/wslengine.(*wslEngine).run\\n\\tgithub.com/docker/pinata/common/cmd/com.docker.backend/internal/engines/wslengine/engine_windows.go:168\",\"github.com/docker/pinata/common/cmd/com.docker.backend/internal/engines/wslengine.(*wslEngine).Run\\n\\tgithub.com/docker/pinata/common/cmd/com.docker.backend/internal/engines/wslengine/engine_windows.go:135\",\"github.com/docker/pinata/common/cmd/com.docker.backend/internal/engines.(*RunningEngine).run.func1\\n\\tgithub.com/docker/pinata/common/cmd/com.docker.backend/internal/engines/running_engine.go:146\",\"golang.org/x/sync/errgroup.(*Group).Go.func1\\n\\tgolang.org/x/sync@v0.6.0/errgroup/errgroup.go:78\",\"runtime.goexit\\n\\truntime/asm_amd64.s:1695\"]},\"creationTime\":1721140862166348000,\"creationFile\":\"common/pkg/windows/wsl/wslexec/errors.go\",\"creationLine\":48,\"wrappedError\":{\"type\":\"*exec.ExitError\",\"description\":\"exit status 0xffffffff\"}}}}}}]},\"creationTime\":1721140862166348000,\"creationFile\":\"common/cmd/com.docker.backend/internal/engines/wslengine/wslprovisioner/monodistro_provisioner.go\",\"creationLine\":84,\"wrappedError\":{\"type\":\"*errors.joinError\",\"errors\":[{\"type\":\"*errordef.dockerDesktopError\",\"component\":\"wslengine/wsl\",\"originalError\":{\"type\":\"*errors.fundamental\",\"description\":\"deploying WSL2 distributions\",\"stacktrace\":[\"github.com/docker/pinata/common/pkg/errordef.helper.New\\n\\tgithub.com/docker/pinata/common/pkg/errordef/helper.go:39\",\"github.com/docker/pinata/common/cmd/com.docker.backend/internal/engines/wslengine/wsl.init\\n\\tgithub.com/docker/pinata/common/cmd/com.docker.backend/internal/engines/wslengine/wsl/provisioning.go:15\",\"runtime.doInit1\\n\\truntime/proc.go:7176\",\"runtime.doInit\\n\\truntime/proc.go:7143\",\"runtime.main\\n\\truntime/proc.go:253\",\"runtime.goexit\\n\\truntime/asm_amd64.s:1695\"]},\"creationTime\":1721140854175736100,\"creationFile\":\"common/cmd/com.docker.backend/internal/engines/wslengine/wsl/provisioning.go\",\"creationLine\":15},{\"type\":\"*errordef.dockerDesktopError\",\"component\":\"wslprovisioner\",\"originalError\":{\"type\":\"*errors.fundamental\",\"description\":\"ensuring main distro is deployed: deploying \\\"docker-desktop\\\": importing WSL distro \\\"WSL2 is not supported with your current machine configuration.\\\\r\\\\nPlease enable the \\\\\\\"Virtual Machine Platform\\\\\\\" optional component and ensure virtualization is enabled in the BIOS.\\\\r\\\\nEnable \\\\\\\"Virtual Machine Platform\\\\\\\" by running: wsl.exe --install --no-distribution\\\\r\\\\nFor information please visit https://aka.ms/enablevirtualization\\\\r\\\\nError code: Wsl/Service/RegisterDistro/CreateVm/HCS/HCS_E_HYPERV_NOT_INSTALLED\\\\r\\\\n\\\" output=\\\"docker-desktop\\\": exit code: 4294967295: running WSL command wsl.exe C:\\\\Windows\\\\System32\\\\wsl.exe --import docker-desktop \\u003cHOME\\u003e\\\\AppData\\\\Local\\\\Docker\\\\wsl\\\\main C:\\\\Program Files\\\\Docker\\\\Docker\\\\resources\\\\wsl\\\\wsl-bootstrap.tar --version 2: WSL2 is not supported with your current machine configuration.\\r\\nPlease enable the \\\"Virtual Machine Platform\\\" optional component and ensure virtualization is enabled in the BIOS.\\r\\nEnable \\\"Virtual Machine Platform\\\" by running: wsl.exe --install --no-distribution\\r\\nFor information please visit https://aka.ms/enablevirtualization\\r\\nError code: Wsl/Service/RegisterDistro/CreateVm/HCS/HCS_E_HYPERV_NOT_INSTALLED\\r\\n: exit status 0xffffffff\",\"stacktrace\":[\"github.com/docker/pinata/common/pkg/errordef.helper.Wrap\\n\\tgithub.com/docker/pinata/common/pkg/errordef/helper.go:51\",\"github.com/docker/pinata/common/cmd/com.docker.backend/internal/engines/wslengine/wslprovisioner.(*monoDistroProvisioner).provision\\n\\tgithub.com/docker/pinata/common/cmd/com.docker.backend/internal/engines/wslengine/wslprovisioner/monodistro_provisioner.go:45\",\"github.com/docker/pinata/common/cmd/com.docker.backend/internal/engines/wslengine/wslprovisioner.(*monoDistroProvisioner).deployDockerWslDistros\\n\\tgithub.com/docker/pinata/common/cmd/com.docker.backend/internal/engines/wslengine/wslprovisioner/monodistro_provisioner.go:29\",\"github.com/docker/pinata/common/cmd/com.docker.backend/internal/engines/wslengine/wslprovisioner.(*monoDistroProvisioner).Bootstrap\\n\\tgithub.com/docker/pinata/common/cmd/com.docker.backend/internal/engines/wslengine/wslprovisioner/monodistro_provisioner.go:83\",\"github.com/docker/pinata/common/cmd/com.docker.backend/internal/engines/wslengine/wslprovisioner.(*shimWslProvisioner).Bootstrap\\n\\tgithub.com/docker/pinata/common/cmd/com.docker.backend/internal/engines/wslengine/wslprovisioner/shim_provisioner.go:54\",\"github.com/docker/pinata/common/cmd/com.docker.backend/internal/engines/wslengine.(*wslEngine).run\\n\\tgithub.com/docker/pinata/common/cmd/com.docker.backend/internal/engines/wslengine/engine_windows.go:168\",\"github.com/docker/pinata/common/cmd/com.docker.backend/internal/engines/wslengine.(*wslEngine).Run\\n\\tgithub.com/docker/pinata/common/cmd/com.docker.backend/internal/engines/wslengine/engine_windows.go:135\",\"github.com/docker/pinata/common/cmd/com.docker.backend/internal/engines.(*RunningEngine).run.func1\\n\\tgithub.com/docker/pinata/common/cmd/com.docker.backend/internal/engines/running_engine.go:146\",\"golang.org/x/sync/errgroup.(*Group).Go.func1\\n\\tgolang.org/x/sync@v0.6.0/errgroup/errgroup.go:78\",\"runtime.goexit\\n\\truntime/asm_amd64.s:1695\"]},\"creationTime\":1721140862166348000,\"creationFile\":\"common/cmd/com.docker.backend/internal/engines/wslengine/wslprovisioner/monodistro_provisioner.go\",\"creationLine\":45,\"wrappedError\":{\"type\":\"*errordef.dockerDesktopError\",\"component\":\"wslprovisioner\",\"originalError\":{\"type\":\"*errors.fundamental\",\"description\":\"deploying \\\"docker-desktop\\\": importing WSL distro \\\"WSL2 is not supported with your current machine configuration.\\\\r\\\\nPlease enable the \\\\\\\"Virtual Machine Platform\\\\\\\" optional component and ensure virtualization is enabled in the BIOS.\\\\r\\\\nEnable \\\\\\\"Virtual Machine Platform\\\\\\\" by running: wsl.exe --install --no-distribution\\\\r\\\\nFor information please visit https://aka.ms/enablevirtualization\\\\r\\\\nError code: Wsl/Service/RegisterDistro/CreateVm/HCS/HCS_E_HYPERV_NOT_INSTALLED\\\\r\\\\n\\\" output=\\\"docker-desktop\\\": exit code: 4294967295: running WSL command wsl.exe C:\\\\Windows\\\\System32\\\\wsl.exe --import docker-desktop \\u003cHOME\\u003e\\\\AppData\\\\Local\\\\Docker\\\\wsl\\\\main C:\\\\Program Files\\\\Docker\\\\Docker\\\\resources\\\\wsl\\\\wsl-bootstrap.tar --version 2: WSL2 is not supported with your current machine configuration.\\r\\nPlease enable the \\\"Virtual Machine Platform\\\" optional component and ensure virtualization is enabled in the BIOS.\\r\\nEnable \\\"Virtual Machine Platform\\\" by running: wsl.exe --install --no-distribution\\r\\nFor information please visit https://aka.ms/enablevirtualization\\r\\nError code: Wsl/Service/RegisterDistro/CreateVm/HCS/HCS_E_HYPERV_NOT_INSTALLED\\r\\n: exit status 0xffffffff\",\"stacktrace\":[\"github.com/docker/pinata/common/pkg/errordef.helper.Wrapf\\n\\tgithub.com/docker/pinata/common/pkg/errordef/helper.go:58\",\"github.com/docker/pinata/common/cmd/com.docker.backend/internal/engines/wslengine/wslprovisioner.deployAndBootstrapMainDistro\\n\\tgithub.com/docker/pinata/common/cmd/com.docker.backend/internal/engines/wslengine/wslprovisioner/provisioning_windows.go:86\",\"github.com/docker/pinata/common/cmd/com.docker.backend/internal/engines/wslengine/wslprovisioner.ensureMainDistroIsDeployed\\n\\tgithub.com/docker/pinata/common/cmd/com.docker.backend/internal/engines/wslengine/wslprovisioner/provisioning_windows.go:50\",\"github.com/docker/pinata/common/cmd/com.docker.backend/internal/engines/wslengine/wslprovisioner.(*monoDistroProvisioner).provision\\n\\tgithub.com/docker/pinata/common/cmd/com.docker.backend/internal/engines/wslengine/wslprovisioner/monodistro_provisioner.go:44\",\"github.com/docker/pinata/common/cmd/com.docker.backend/internal/engines/wslengine/wslprovisioner.(*monoDistroProvisioner).deployDockerWslDistros\\n\\tgithub.com/docker/pinata/common/cmd/com.docker.backend/internal/engines/wslengine/wslprovisioner/monodistro_provisioner.go:29\",\"github.com/docker/pinata/common/cmd/com.docker.backend/internal/engines/wslengine/wslprovisioner.(*monoDistroProvisioner).Bootstrap\\n\\tgithub.com/docker/pinata/common/cmd/com.docker.backend/internal/engines/wslengine/wslprovisioner/monodistro_provisioner.go:83\",\"github.com/docker/pinata/common/cmd/com.docker.backend/internal/engines/wslengine/wslprovisioner.(*shimWslProvisioner).Bootstrap\\n\\tgithub.com/docker/pinata/common/cmd/com.docker.backend/internal/engines/wslengine/wslprovisioner/shim_provisioner.go:54\",\"github.com/docker/pinata/common/cmd/com.docker.backend/internal/engines/wslengine.(*wslEngine).run\\n\\tgithub.com/docker/pinata/common/cmd/com.docker.backend/internal/engines/wslengine/engine_windows.go:168\",\"github.com/docker/pinata/common/cmd/com.docker.backend/internal/engines/wslengine.(*wslEngine).Run\\n\\tgithub.com/docker/pinata/common/cmd/com.docker.backend/internal/engines/wslengine/engine_windows.go:135\",\"github.com/docker/pinata/common/cmd/com.docker.backend/internal/engines.(*RunningEngine).run.func1\\n\\tgithub.com/docker/pinata/common/cmd/com.docker.backend/internal/engines/running_engine.go:146\",\"golang.org/x/sync/errgroup.(*Group).Go.func1\\n\\tgolang.org/x/sync@v0.6.0/errgroup/errgroup.go:78\",\"runtime.goexit\\n\\truntime/asm_amd64.s:1695\"]},\"creationTime\":1721140862166348000,\"creationFile\":\"common/cmd/com.docker.backend/internal/engines/wslengine/wslprovisioner/provisioning_windows.go\",\"creationLine\":86,\"wrappedError\":{\"type\":\"*errordef.dockerDesktopError\",\"component\":\"wslprovisioner\",\"originalError\":{\"type\":\"*errors.fundamental\",\"description\":\"importing WSL distro \\\"WSL2 is not supported with your current machine configuration.\\\\r\\\\nPlease enable the \\\\\\\"Virtual Machine Platform\\\\\\\" optional component and ensure virtualization is enabled in the BIOS.\\\\r\\\\nEnable \\\\\\\"Virtual Machine Platform\\\\\\\" by running: wsl.exe --install --no-distribution\\\\r\\\\nFor information please visit https://aka.ms/enablevirtualization\\\\r\\\\nError code: Wsl/Service/RegisterDistro/CreateVm/HCS/HCS_E_HYPERV_NOT_INSTALLED\\\\r\\\\n\\\" output=\\\"docker-desktop\\\": exit code: 4294967295: running WSL command wsl.exe C:\\\\Windows\\\\System32\\\\wsl.exe --import docker-desktop \\u003cHOME\\u003e\\\\AppData\\\\Local\\\\Docker\\\\wsl\\\\main C:\\\\Program Files\\\\Docker\\\\Docker\\\\resources\\\\wsl\\\\wsl-bootstrap.tar --version 2: WSL2 is not supported with your current machine configuration.\\r\\nPlease enable the \\\"Virtual Machine Platform\\\" optional component and ensure virtualization is enabled in the BIOS.\\r\\nEnable \\\"Virtual Machine Platform\\\" by running: wsl.exe --install --no-distribution\\r\\nFor information please visit https://aka.ms/enablevirtualization\\r\\nError code: Wsl/Service/RegisterDistro/CreateVm/HCS/HCS_E_HYPERV_NOT_INSTALLED\\r\\n: exit status 0xffffffff\",\"stacktrace\":[\"github.com/docker/pinata/common/pkg/errordef.helper.Wrapf\\n\\tgithub.com/docker/pinata/common/pkg/errordef/helper.go:58\",\"github.com/docker/pinata/common/cmd/com.docker.backend/internal/engines/wslengine/wslprovisioner.deployDockerDistro\\n\\tgithub.com/docker/pinata/common/cmd/com.docker.backend/internal/engines/wslengine/wslprovisioner/provisioning_windows.go:97\",\"github.com/docker/pinata/common/cmd/com.docker.backend/internal/engines/wslengine/wslprovisioner.deployAndBootstrapMainDistro\\n\\tgithub.com/docker/pinata/common/cmd/com.docker.backend/internal/engines/wslengine/wslprovisioner/provisioning_windows.go:86\",\"github.com/docker/pinata/common/cmd/com.docker.backend/internal/engines/wslengine/wslprovisioner.ensureMainDistroIsDeployed\\n\\tgithub.com/docker/pinata/common/cmd/com.docker.backend/internal/engines/wslengine/wslprovisioner/provisioning_windows.go:50\",\"github.com/docker/pinata/common/cmd/com.docker.backend/internal/engines/wslengine/wslprovisioner.(*monoDistroProvisioner).provision\\n\\tgithub.com/docker/pinata/common/cmd/com.docker.backend/internal/engines/wslengine/wslprovisioner/monodistro_provisioner.go:44\",\"github.com/docker/pinata/common/cmd/com.docker.backend/internal/engines/wslengine/wslprovisioner.(*monoDistroProvisioner).deployDockerWslDistros\\n\\tgithub.com/docker/pinata/common/cmd/com.docker.backend/internal/engines/wslengine/wslprovisioner/monodistro_provisioner.go:29\",\"github.com/docker/pinata/common/cmd/com.docker.backend/internal/engines/wslengine/wslprovisioner.(*monoDistroProvisioner).Bootstrap\\n\\tgithub.com/docker/pinata/common/cmd/com.docker.backend/internal/engines/wslengine/wslprovisioner/monodistro_provisioner.go:83\",\"github.com/docker/pinata/common/cmd/com.docker.backend/internal/engines/wslengine/wslprovisioner.(*shimWslProvisioner).Bootstrap\\n\\tgithub.com/docker/pinata/common/cmd/com.docker.backend/internal/engines/wslengine/wslprovisioner/shim_provisioner.go:54\",\"github.com/docker/pinata/common/cmd/com.docker.backend/internal/engines/wslengine.(*wslEngine).run\\n\\tgithub.com/docker/pinata/common/cmd/com.docker.backend/internal/engines/wslengine/engine_windows.go:168\",\"github.com/docker/pinata/common/cmd/com.docker.backend/internal/engines/wslengine.(*wslEngine).Run\\n\\tgithub.com/docker/pinata/common/cmd/com.docker.backend/internal/engines/wslengine/engine_windows.go:135\",\"github.com/docker/pinata/common/cmd/com.docker.backend/internal/engines.(*RunningEngine).run.func1\\n\\tgithub.com/docker/pinata/common/cmd/com.docker.backend/internal/engines/running_engine.go:146\",\"golang.org/x/sync/errgroup.(*Group).Go.func1\\n\\tgolang.org/x/sync@v0.6.0/errgroup/errgroup.go:78\",\"runtime.goexit\\n\\truntime/asm_amd64.s:1695\"]},\"creationTime\":1721140862166348000,\"creationFile\":\"common/cmd/com.docker.backend/internal/engines/wslengine/wslprovisioner/provisioning_windows.go\",\"creationLine\":97,\"wrappedError\":{\"type\":\"*errordef.dockerDesktopError\",\"component\":\"wslexec\",\"originalError\":{\"type\":\"*errors.fundamental\",\"description\":\"exit code: 4294967295: running WSL command wsl.exe C:\\\\Windows\\\\System32\\\\wsl.exe --import docker-desktop \\u003cHOME\\u003e\\\\AppData\\\\Local\\\\Docker\\\\wsl\\\\main C:\\\\Program Files\\\\Docker\\\\Docker\\\\resources\\\\wsl\\\\wsl-bootstrap.tar --version 2: WSL2 is not supported with your current machine configuration.\\r\\nPlease enable the \\\"Virtual Machine Platform\\\" optional component and ensure virtualization is enabled in the BIOS.\\r\\nEnable \\\"Virtual Machine Platform\\\" by running: wsl.exe --install --no-distribution\\r\\nFor information please visit https://aka.ms/enablevirtualization\\r\\nError code: Wsl/Service/RegisterDistro/CreateVm/HCS/HCS_E_HYPERV_NOT_INSTALLED\\r\\n: exit status 0xffffffff\",\"stacktrace\":[\"github.com/docker/pinata/common/pkg/errordef.helper.Wrapf\\n\\tgithub.com/docker/pinata/common/pkg/errordef/helper.go:58\",\"github.com/docker/pinata/common/pkg/windows/wsl/wslexec.NewWSLCommandError\\n\\tgithub.com/docker/pinata/common/pkg/windows/wsl/wslexec/errors.go:54\",\"github.com/docker/pinata/common/pkg/windows/wsl/wsldistro.(*wslDistro).ImportDistro\\n\\tgithub.com/docker/pinata/common/pkg/windows/wsl/wsldistro/distro.go:161\",\"github.com/docker/pinata/common/cmd/com.docker.backend/internal/engines/wslengine/wslprovisioner.deployDockerDistro\\n\\tgithub.com/docker/pinata/common/cmd/com.docker.backend/internal/engines/wslengine/wslprovisioner/provisioning_windows.go:95\",\"github.com/docker/pinata/common/cmd/com.docker.backend/internal/engines/wslengine/wslprovisioner.deployAndBootstrapMainDistro\\n\\tgithub.com/docker/pinata/common/cmd/com.docker.backend/internal/engines/wslengine/wslprovisioner/provisioning_windows.go:86\",\"github.com/docker/pinata/common/cmd/com.docker.backend/internal/engines/wslengine/wslprovisioner.ensureMainDistroIsDeployed\\n\\tgithub.com/docker/pinata/common/cmd/com.docker.backend/internal/engines/wslengine/wslprovisioner/provisioning_windows.go:50\",\"github.com/docker/pinata/common/cmd/com.docker.backend/internal/engines/wslengine/wslprovisioner.(*monoDistroProvisioner).provision\\n\\tgithub.com/docker/pinata/common/cmd/com.docker.backend/internal/engines/wslengine/wslprovisioner/monodistro_provisioner.go:44\",\"github.com/docker/pinata/common/cmd/com.docker.backend/internal/engines/wslengine/wslprovisioner.(*monoDistroProvisioner).deployDockerWslDistros\\n\\tgithub.com/docker/pinata/common/cmd/com.docker.backend/internal/engines/wslengine/wslprovisioner/monodistro_provisioner.go:29\",\"github.com/docker/pinata/common/cmd/com.docker.backend/internal/engines/wslengine/wslprovisioner.(*monoDistroProvisioner).Bootstrap\\n\\tgithub.com/docker/pinata/common/cmd/com.docker.backend/internal/engines/wslengine/wslprovisioner/monodistro_provisioner.go:83\",\"github.com/docker/pinata/common/cmd/com.docker.backend/internal/engines/wslengine/wslprovisioner.(*shimWslProvisioner).Bootstrap\\n\\tgithub.com/docker/pinata/common/cmd/com.docker.backend/internal/engines/wslengine/wslprovisioner/shim_provisioner.go:54\",\"github.com/docker/pinata/common/cmd/com.docker.backend/internal/engines/wslengine.(*wslEngine).run\\n\\tgithub.com/docker/pinata/common/cmd/com.docker.backend/internal/engines/wslengine/engine_windows.go:168\",\"github.com/docker/pinata/common/cmd/com.docker.backend/internal/engines/wslengine.(*wslEngine).Run\\n\\tgithub.com/docker/pinata/common/cmd/com.docker.backend/internal/engines/wslengine/engine_windows.go:135\",\"github.com/docker/pinata/common/cmd/com.docker.backend/internal/engines.(*RunningEngine).run.func1\\n\\tgithub.com/docker/pinata/common/cmd/com.docker.backend/internal/engines/running_engine.go:146\",\"golang.org/x/sync/errgroup.(*Group).Go.func1\\n\\tgolang.org/x/sync@v0.6.0/errgroup/errgroup.go:78\",\"runtime.goexit\\n\\truntime/asm_amd64.s:1695\"]},\"creationTime\":1721140862166348000,\"creationFile\":\"common/pkg/windows/wsl/wslexec/errors.go\",\"creationLine\":54,\"wrappedError\":{\"type\":\"*errordef.dockerDesktopError\",\"component\":\"wslexec\",\"originalError\":{\"type\":\"*errors.fundamental\",\"description\":\"running WSL command wsl.exe C:\\\\Windows\\\\System32\\\\wsl.exe --import docker-desktop \\u003cHOME\\u003e\\\\AppData\\\\Local\\\\Docker\\\\wsl\\\\main C:\\\\Program Files\\\\Docker\\\\Docker\\\\resources\\\\wsl\\\\wsl-bootstrap.tar --version 2: WSL2 is not supported with your current machine configuration.\\r\\nPlease enable the \\\"Virtual Machine Platform\\\" optional component and ensure virtualization is enabled in the BIOS.\\r\\nEnable \\\"Virtual Machine Platform\\\" by running: wsl.exe --install --no-distribution\\r\\nFor information please visit https://aka.ms/enablevirtualization\\r\\nError code: Wsl/Service/RegisterDistro/CreateVm/HCS/HCS_E_HYPERV_NOT_INSTALLED\\r\\n: exit status 0xffffffff\",\"stacktrace\":[\"github.com/docker/pinata/common/pkg/errordef.helper.Wrapf\\n\\tgithub.com/docker/pinata/common/pkg/errordef/helper.go:58\",\"github.com/docker/pinata/common/pkg/windows/wsl/wslexec.NewWSLCommandError\\n\\tgithub.com/docker/pinata/common/pkg/windows/wsl/wslexec/errors.go:48\",\"github.com/docker/pinata/common/pkg/windows/wsl/wsldistro.(*wslDistro).ImportDistro\\n\\tgithub.com/docker/pinata/common/pkg/windows/wsl/wsldistro/distro.go:161\",\"github.com/docker/pinata/common/cmd/com.docker.backend/internal/engines/wslengine/wslprovisioner.deployDockerDistro\\n\\tgithub.com/docker/pinata/common/cmd/com.docker.backend/internal/engines/wslengine/wslprovisioner/provisioning_windows.go:95\",\"github.com/docker/pinata/common/cmd/com.docker.backend/internal/engines/wslengine/wslprovisioner.deployAndBootstrapMainDistro\\n\\tgithub.com/docker/pinata/common/cmd/com.docker.backend/internal/engines/wslengine/wslprovisioner/provisioning_windows.go:86\",\"github.com/docker/pinata/common/cmd/com.docker.backend/internal/engines/wslengine/wslprovisioner.ensureMainDistroIsDeployed\\n\\tgithub.com/docker/pinata/common/cmd/com.docker.backend/internal/engines/wslengine/wslprovisioner/provisioning_windows.go:50\",\"github.com/docker/pinata/common/cmd/com.docker.backend/internal/engines/wslengine/wslprovisioner.(*monoDistroProvisioner).provision\\n\\tgithub.com/docker/pinata/common/cmd/com.docker.backend/internal/engines/wslengine/wslprovisioner/monodistro_provisioner.go:44\",\"github.com/docker/pinata/common/cmd/com.docker.backend/internal/engines/wslengine/wslprovisioner.(*monoDistroProvisioner).deployDockerWslDistros\\n\\tgithub.com/docker/pinata/common/cmd/com.docker.backend/internal/engines/wslengine/wslprovisioner/monodistro_provisioner.go:29\",\"github.com/docker/pinata/common/cmd/com.docker.backend/internal/engines/wslengine/wslprovisioner.(*monoDistroProvisioner).Bootstrap\\n\\tgithub.com/docker/pinata/common/cmd/com.docker.backend/internal/engines/wslengine/wslprovisioner/monodistro_provisioner.go:83\",\"github.com/docker/pinata/common/cmd/com.docker.backend/internal/engines/wslengine/wslprovisioner.(*shimWslProvisioner).Bootstrap\\n\\tgithub.com/docker/pinata/common/cmd/com.docker.backend/internal/engines/wslengine/wslprovisioner/shim_provisioner.go:54\",\"github.com/docker/pinata/common/cmd/com.docker.backend/internal/engines/wslengine.(*wslEngine).run\\n\\tgithub.com/docker/pinata/common/cmd/com.docker.backend/internal/engines/wslengine/engine_windows.go:168\",\"github.com/docker/pinata/common/cmd/com.docker.backend/internal/engines/wslengine.(*wslEngine).Run\\n\\tgithub.com/docker/pinata/common/cmd/com.docker.backend/internal/engines/wslengine/engine_windows.go:135\",\"github.com/docker/pinata/common/cmd/com.docker.backend/internal/engines.(*RunningEngine).run.func1\\n\\tgithub.com/docker/pinata/common/cmd/com.docker.backend/internal/engines/running_engine.go:146\",\"golang.org/x/sync/errgroup.(*Group).Go.func1\\n\\tgolang.org/x/sync@v0.6.0/errgroup/errgroup.go:78\",\"runtime.goexit\\n\\truntime/asm_amd64.s:1695\"]},\"creationTime\":1721140862166348000,\"creationFile\":\"common/pkg/windows/wsl/wslexec/errors.go\",\"creationLine\":48,\"wrappedError\":{\"type\":\"*exec.ExitError\",\"description\":\"exit status 0xffffffff\"}}}}}}]}},{\"type\":\"*errordef.dockerDesktopError\",\"component\":\"enginedependencies\",\"originalError\":{\"type\":\"*errors.fundamental\",\"description\":\"checking if isocache exists: CreateFile \\\\\\\\wsl$\\\\docker-desktop-data\\\\isocache\\\\: The network name cannot be found.\",\"stacktrace\":[\"github.com/docker/pinata/common/pkg/errordef.helper.Wrap\\n\\tgithub.com/docker/pinata/common/pkg/errordef/helper.go:51\",\"github.com/docker/pinata/common/cmd/com.docker.backend/internal/engines/enginedeps.(*depsControllerImpl).ClearISOCache\\n\\tgithub.com/docker/pinata/common/cmd/com.docker.backend/internal/engines/enginedeps/dependencies.go:235\",\"github.com/docker/pinata/common/cmd/com.docker.backend/internal/engines/wslengine.(*wslEngine).run\\n\\tgithub.com/docker/pinata/common/cmd/com.docker.backend/internal/engines/wslengine/engine_windows.go:170\",\"github.com/docker/pinata/common/cmd/com.docker.backend/internal/engines/wslengine.(*wslEngine).Run\\n\\tgithub.com/docker/pinata/common/cmd/com.docker.backend/internal/engines/wslengine/engine_windows.go:135\",\"github.com/docker/pinata/common/cmd/com.docker.backend/internal/engines.(*RunningEngine).run.func1\\n\\tgithub.com/docker/pinata/common/cmd/com.docker.backend/internal/engines/running_engine.go:146\",\"golang.org/x/sync/errgroup.(*Group).Go.func1\\n\\tgolang.org/x/sync@v0.6.0/errgroup/errgroup.go:78\",\"runtime.goexit\\n\\truntime/asm_amd64.s:1695\"]},\"creationTime\":1721140862204817200,\"creationFile\":\"common/cmd/com.docker.backend/internal/engines/enginedeps/dependencies.go\",\"creationLine\":235,\"wrappedError\":{\"type\":\"*fs.PathError\",\"error\":{\"type\":\"syscall.Errno\",\"description\":\"The network name cannot be found.\"},\"message\":\"CreateFile \\\\\\\\wsl$\\\\docker-desktop-data\\\\isocache\\\\\"}}]},\"recovery\":{\"title\":\"Docker Desktop - Unexpected WSL error\",\"message\":\"An unexpected error occurred while executing a WSL command. \\n\\nEither shut down WSL down with `wsl --shutdown`, and/or reboot your machine. You can also try reinstalling WSL and/or Docker Desktop. If the issue persists, [collect diagnostics and submit an issue](https://docs.docker.com/desktop/troubleshoot/overview/#diagnose-from-the-terminal).\"},\"creationTime\":1721140862204817200,\"creationFile\":\"common/cmd/com.docker.backend/internal/engines/wslengine/engine_windows.go\",\"creationLine\":170,\"wrappedError\":{\"type\":\"*errors.joinError\",\"errors\":[{\"type\":\"*errordef.dockerDesktopError\",\"component\":\"wslprovisioner\",\"originalError\":{\"type\":\"*errors.joinError\",\"errors\":[{\"type\":\"*errordef.dockerDesktopError\",\"component\":\"wslengine/wsl\",\"originalError\":{\"type\":\"*errors.fundamental\",\"description\":\"deploying WSL2 distributions\",\"stacktrace\":[\"github.com/docker/pinata/common/pkg/errordef.helper.New\\n\\tgithub.com/docker/pinata/common/pkg/errordef/helper.go:39\",\"github.com/docker/pinata/common/cmd/com.docker.backend/internal/engines/wslengine/wsl.init\\n\\tgithub.com/docker/pinata/common/cmd/com.docker.backend/internal/engines/wslengine/wsl/provisioning.go:15\",\"runtime.doInit1\\n\\truntime/proc.go:7176\",\"runtime.doInit\\n\\truntime/proc.go:7143\",\"runtime.main\\n\\truntime/proc.go:253\",\"runtime.goexit\\n\\truntime/asm_amd64.s:1695\"]},\"creationTime\":1721140854175736100,\"creationFile\":\"common/cmd/com.docker.backend/internal/engines/wslengine/wsl/provisioning.go\",\"creationLine\":15},{\"type\":\"*errordef.dockerDesktopError\",\"component\":\"wslprovisioner\",\"originalError\":{\"type\":\"*errors.fundamental\",\"description\":\"ensuring main distro is deployed: deploying \\\"docker-desktop\\\": importing WSL distro \\\"WSL2 is not supported with your current machine configuration.\\\\r\\\\nPlease enable the \\\\\\\"Virtual Machine Platform\\\\\\\" optional component and ensure virtualization is enabled in the BIOS.\\\\r\\\\nEnable \\\\\\\"Virtual Machine Platform\\\\\\\" by running: wsl.exe --install --no-distribution\\\\r\\\\nFor information please visit https://aka.ms/enablevirtualization\\\\r\\\\nError code: Wsl/Service/RegisterDistro/CreateVm/HCS/HCS_E_HYPERV_NOT_INSTALLED\\\\r\\\\n\\\" output=\\\"docker-desktop\\\": exit code: 4294967295: running WSL command wsl.exe C:\\\\Windows\\\\System32\\\\wsl.exe --import docker-desktop \\u003cHOME\\u003e\\\\AppData\\\\Local\\\\Docker\\\\wsl\\\\main C:\\\\Program Files\\\\Docker\\\\Docker\\\\resources\\\\wsl\\\\wsl-bootstrap.tar --version 2: WSL2 is not supported with your current machine configuration.\\r\\nPlease enable the \\\"Virtual Machine Platform\\\" optional component and ensure virtualization is enabled in the BIOS.\\r\\nEnable \\\"Virtual Machine Platform\\\" by running: wsl.exe --install --no-distribution\\r\\nFor information please visit https://aka.ms/enablevirtualization\\r\\nError code: Wsl/Service/RegisterDistro/CreateVm/HCS/HCS_E_HYPERV_NOT_INSTALLED\\r\\n: exit status 0xffffffff\",\"stacktrace\":[\"github.com/docker/pinata/common/pkg/errordef.helper.Wrap\\n\\tgithub.com/docker/pinata/common/pkg/errordef/helper.go:51\",\"github.com/docker/pinata/common/cmd/com.docker.backend/internal/engines/wslengine/wslprovisioner.(*monoDistroProvisioner).provision\\n\\tgithub.com/docker/pinata/common/cmd/com.docker.backend/internal/engines/wslengine/wslprovisioner/monodistro_provisioner.go:45\",\"github.com/docker/pinata/common/cmd/com.docker.backend/internal/engines/wslengine/wslprovisioner.(*monoDistroProvisioner).deployDockerWslDistros\\n\\tgithub.com/docker/pinata/common/cmd/com.docker.backend/internal/engines/wslengine/wslprovisioner/monodistro_provisioner.go:29\",\"github.com/docker/pinata/common/cmd/com.docker.backend/internal/engines/wslengine/wslprovisioner.(*monoDistroProvisioner).Bootstrap\\n\\tgithub.com/docker/pinata/common/cmd/com.docker.backend/internal/engines/wslengine/wslprovisioner/monodistro_provisioner.go:83\",\"github.com/docker/pinata/common/cmd/com.docker.backend/internal/engines/wslengine/wslprovisioner.(*shimWslProvisioner).Bootstrap\\n\\tgithub.com/docker/pinata/common/cmd/com.docker.backend/internal/engines/wslengine/wslprovisioner/shim_provisioner.go:54\",\"github.com/docker/pinata/common/cmd/com.docker.backend/internal/engines/wslengine.(*wslEngine).run\\n\\tgithub.com/docker/pinata/common/cmd/com.docker.backend/internal/engines/wslengine/engine_windows.go:168\",\"github.com/docker/pinata/common/cmd/com.docker.backend/internal/engines/wslengine.(*wslEngine).Run\\n\\tgithub.com/docker/pinata/common/cmd/com.docker.backend/internal/engines/wslengine/engine_windows.go:135\",\"github.com/docker/pinata/common/cmd/com.docker.backend/internal/engines.(*RunningEngine).run.func1\\n\\tgithub.com/docker/pinata/common/cmd/com.docker.backend/internal/engines/running_engine.go:146\",\"golang.org/x/sync/errgroup.(*Group).Go.func1\\n\\tgolang.org/x/sync@v0.6.0/errgroup/errgroup.go:78\",\"runtime.goexit\\n\\truntime/asm_amd64.s:1695\"]},\"creationTime\":1721140862166348000,\"creationFile\":\"common/cmd/com.docker.backend/internal/engines/wslengine/wslprovisioner/monodistro_provisioner.go\",\"creationLine\":45,\"wrappedError\":{\"type\":\"*errordef.dockerDesktopError\",\"component\":\"wslprovisioner\",\"originalError\":{\"type\":\"*errors.fundamental\",\"description\":\"deploying \\\"docker-desktop\\\": importing WSL distro \\\"WSL2 is not supported with your current machine configuration.\\\\r\\\\nPlease enable the \\\\\\\"Virtual Machine Platform\\\\\\\" optional component and ensure virtualization is enabled in the BIOS.\\\\r\\\\nEnable \\\\\\\"Virtual Machine Platform\\\\\\\" by running: wsl.exe --install --no-distribution\\\\r\\\\nFor information please visit https://aka.ms/enablevirtualization\\\\r\\\\nError code: Wsl/Service/RegisterDistro/CreateVm/HCS/HCS_E_HYPERV_NOT_INSTALLED\\\\r\\\\n\\\" output=\\\"docker-desktop\\\": exit code: 4294967295: running WSL command wsl.exe C:\\\\Windows\\\\System32\\\\wsl.exe --import docker-desktop \\u003cHOME\\u003e\\\\AppData\\\\Local\\\\Docker\\\\wsl\\\\main C:\\\\Program Files\\\\Docker\\\\Docker\\\\resources\\\\wsl\\\\wsl-bootstrap.tar --version 2: WSL2 is not supported with your current machine configuration.\\r\\nPlease enable the \\\"Virtual Machine Platform\\\" optional component and ensure virtualization is enabled in the BIOS.\\r\\nEnable \\\"Virtual Machine Platform\\\" by running: wsl.exe --install --no-distribution\\r\\nFor information please visit https://aka.ms/enablevirtualization\\r\\nError code: Wsl/Service/RegisterDistro/CreateVm/HCS/HCS_E_HYPERV_NOT_INSTALLED\\r\\n: exit status 0xffffffff\",\"stacktrace\":[\"github.com/docker/pinata/common/pkg/errordef.helper.Wrapf\\n\\tgithub.com/docker/pinata/common/pkg/errordef/helper.go:58\",\"github.com/docker/pinata/common/cmd/com.docker.backend/internal/engines/wslengine/wslprovisioner.deployAndBootstrapMainDistro\\n\\tgithub.com/docker/pinata/common/cmd/com.docker.backend/internal/engines/wslengine/wslprovisioner/provisioning_windows.go:86\",\"github.com/docker/pinata/common/cmd/com.docker.backend/internal/engines/wslengine/wslprovisioner.ensureMainDistroIsDeployed\\n\\tgithub.com/docker/pinata/common/cmd/com.docker.backend/internal/engines/wslengine/wslprovisioner/provisioning_windows.go:50\",\"github.com/docker/pinata/common/cmd/com.docker.backend/internal/engines/wslengine/wslprovisioner.(*monoDistroProvisioner).provision\\n\\tgithub.com/docker/pinata/common/cmd/com.docker.backend/internal/engines/wslengine/wslprovisioner/monodistro_provisioner.go:44\",\"github.com/docker/pinata/common/cmd/com.docker.backend/internal/engines/wslengine/wslprovisioner.(*monoDistroProvisioner).deployDockerWslDistros\\n\\tgithub.com/docker/pinata/common/cmd/com.docker.backend/internal/engines/wslengine/wslprovisioner/monodistro_provisioner.go:29\",\"github.com/docker/pinata/common/cmd/com.docker.backend/internal/engines/wslengine/wslprovisioner.(*monoDistroProvisioner).Bootstrap\\n\\tgithub.com/docker/pinata/common/cmd/com.docker.backend/internal/engines/wslengine/wslprovisioner/monodistro_provisioner.go:83\",\"github.com/docker/pinata/common/cmd/com.docker.backend/internal/engines/wslengine/wslprovisioner.(*shimWslProvisioner).Bootstrap\\n\\tgithub.com/docker/pinata/common/cmd/com.docker.backend/internal/engines/wslengine/wslprovisioner/shim_provisioner.go:54\",\"github.com/docker/pinata/common/cmd/com.docker.backend/internal/engines/wslengine.(*wslEngine).run\\n\\tgithub.com/docker/pinata/common/cmd/com.docker.backend/internal/engines/wslengine/engine_windows.go:168\",\"github.com/docker/pinata/common/cmd/com.docker.backend/internal/engines/wslengine.(*wslEngine).Run\\n\\tgithub.com/docker/pinata/common/cmd/com.docker.backend/internal/engines/wslengine/engine_windows.go:135\",\"github.com/docker/pinata/common/cmd/com.docker.backend/internal/engines.(*RunningEngine).run.func1\\n\\tgithub.com/docker/pinata/common/cmd/com.docker.backend/internal/engines/running_engine.go:146\",\"golang.org/x/sync/errgroup.(*Group).Go.func1\\n\\tgolang.org/x/sync@v0.6.0/errgroup/errgroup.go:78\",\"runtime.goexit\\n\\truntime/asm_amd64.s:1695\"]},\"creationTime\":1721140862166348000,\"creationFile\":\"common/cmd/com.docker.backend/internal/engines/wslengine/wslprovisioner/provisioning_windows.go\",\"creationLine\":86,\"wrappedError\":{\"type\":\"*errordef.dockerDesktopError\",\"component\":\"wslprovisioner\",\"originalError\":{\"type\":\"*errors.fundamental\",\"description\":\"importing WSL distro \\\"WSL2 is not supported with your current machine configuration.\\\\r\\\\nPlease enable the \\\\\\\"Virtual Machine Platform\\\\\\\" optional component and ensure virtualization is enabled in the BIOS.\\\\r\\\\nEnable \\\\\\\"Virtual Machine Platform\\\\\\\" by running: wsl.exe --install --no-distribution\\\\r\\\\nFor information please visit https://aka.ms/enablevirtualization\\\\r\\\\nError code: Wsl/Service/RegisterDistro/CreateVm/HCS/HCS_E_HYPERV_NOT_INSTALLED\\\\r\\\\n\\\" output=\\\"docker-desktop\\\": exit code: 4294967295: running WSL command wsl.exe C:\\\\Windows\\\\System32\\\\wsl.exe --import docker-desktop \\u003cHOME\\u003e\\\\AppData\\\\Local\\\\Docker\\\\wsl\\\\main C:\\\\Program Files\\\\Docker\\\\Docker\\\\resources\\\\wsl\\\\wsl-bootstrap.tar --version 2: WSL2 is not supported with your current machine configuration.\\r\\nPlease enable the \\\"Virtual Machine Platform\\\" optional component and ensure virtualization is enabled in the BIOS.\\r\\nEnable \\\"Virtual Machine Platform\\\" by running: wsl.exe --install --no-distribution\\r\\nFor information please visit https://aka.ms/enablevirtualization\\r\\nError code: Wsl/Service/RegisterDistro/CreateVm/HCS/HCS_E_HYPERV_NOT_INSTALLED\\r\\n: exit status 0xffffffff\",\"stacktrace\":[\"github.com/docker/pinata/common/pkg/errordef.helper.Wrapf\\n\\tgithub.com/docker/pinata/common/pkg/errordef/helper.go:58\",\"github.com/docker/pinata/common/cmd/com.docker.backend/internal/engines/wslengine/wslprovisioner.deployDockerDistro\\n\\tgithub.com/docker/pinata/common/cmd/com.docker.backend/internal/engines/wslengine/wslprovisioner/provisioning_windows.go:97\",\"github.com/docker/pinata/common/cmd/com.docker.backend/internal/engines/wslengine/wslprovisioner.deployAndBootstrapMainDistro\\n\\tgithub.com/docker/pinata/common/cmd/com.docker.backend/internal/engines/wslengine/wslprovisioner/provisioning_windows.go:86\",\"github.com/docker/pinata/common/cmd/com.docker.backend/internal/engines/wslengine/wslprovisioner.ensureMainDistroIsDeployed\\n\\tgithub.com/docker/pinata/common/cmd/com.docker.backend/internal/engines/wslengine/wslprovisioner/provisioning_windows.go:50\",\"github.com/docker/pinata/common/cmd/com.docker.backend/internal/engines/wslengine/wslprovisioner.(*monoDistroProvisioner).provision\\n\\tgithub.com/docker/pinata/common/cmd/com.docker.backend/internal/engines/wslengine/wslprovisioner/monodistro_provisioner.go:44\",\"github.com/docker/pinata/common/cmd/com.docker.backend/internal/engines/wslengine/wslprovisioner.(*monoDistroProvisioner).deployDockerWslDistros\\n\\tgithub.com/docker/pinata/common/cmd/com.docker.backend/internal/engines/wslengine/wslprovisioner/monodistro_provisioner.go:29\",\"github.com/docker/pinata/common/cmd/com.docker.backend/internal/engines/wslengine/wslprovisioner.(*monoDistroProvisioner).Bootstrap\\n\\tgithub.com/docker/pinata/common/cmd/com.docker.backend/internal/engines/wslengine/wslprovisioner/monodistro_provisioner.go:83\",\"github.com/docker/pinata/common/cmd/com.docker.backend/internal/engines/wslengine/wslprovisioner.(*shimWslProvisioner).Bootstrap\\n\\tgithub.com/docker/pinata/common/cmd/com.docker.backend/internal/engines/wslengine/wslprovisioner/shim_provisioner.go:54\",\"github.com/docker/pinata/common/cmd/com.docker.backend/internal/engines/wslengine.(*wslEngine).run\\n\\tgithub.com/docker/pinata/common/cmd/com.docker.backend/internal/engines/wslengine/engine_windows.go:168\",\"github.com/docker/pinata/common/cmd/com.docker.backend/internal/engines/wslengine.(*wslEngine).Run\\n\\tgithub.com/docker/pinata/common/cmd/com.docker.backend/internal/engines/wslengine/engine_windows.go:135\",\"github.com/docker/pinata/common/cmd/com.docker.backend/internal/engines.(*RunningEngine).run.func1\\n\\tgithub.com/docker/pinata/common/cmd/com.docker.backend/internal/engines/running_engine.go:146\",\"golang.org/x/sync/errgroup.(*Group).Go.func1\\n\\tgolang.org/x/sync@v0.6.0/errgroup/errgroup.go:78\",\"runtime.goexit\\n\\truntime/asm_amd64.s:1695\"]},\"creationTime\":1721140862166348000,\"creationFile\":\"common/cmd/com.docker.backend/internal/engines/wslengine/wslprovisioner/provisioning_windows.go\",\"creationLine\":97,\"wrappedError\":{\"type\":\"*errordef.dockerDesktopError\",\"component\":\"wslexec\",\"originalError\":{\"type\":\"*errors.fundamental\",\"description\":\"exit code: 4294967295: running WSL command wsl.exe C:\\\\Windows\\\\System32\\\\wsl.exe --import docker-desktop \\u003cHOME\\u003e\\\\AppData\\\\Local\\\\Docker\\\\wsl\\\\main C:\\\\Program Files\\\\Docker\\\\Docker\\\\resources\\\\wsl\\\\wsl-bootstrap.tar --version 2: WSL2 is not supported with your current machine configuration.\\r\\nPlease enable the \\\"Virtual Machine Platform\\\" optional component and ensure virtualization is enabled in the BIOS.\\r\\nEnable \\\"Virtual Machine Platform\\\" by running: wsl.exe --install --no-distribution\\r\\nFor information please visit https://aka.ms/enablevirtualization\\r\\nError code: Wsl/Service/RegisterDistro/CreateVm/HCS/HCS_E_HYPERV_NOT_INSTALLED\\r\\n: exit status 0xffffffff\",\"stacktrace\":[\"github.com/docker/pinata/common/pkg/errordef.helper.Wrapf\\n\\tgithub.com/docker/pinata/common/pkg/errordef/helper.go:58\",\"github.com/docker/pinata/common/pkg/windows/wsl/wslexec.NewWSLCommandError\\n\\tgithub.com/docker/pinata/common/pkg/windows/wsl/wslexec/errors.go:54\",\"github.com/docker/pinata/common/pkg/windows/wsl/wsldistro.(*wslDistro).ImportDistro\\n\\tgithub.com/docker/pinata/common/pkg/windows/wsl/wsldistro/distro.go:161\",\"github.com/docker/pinata/common/cmd/com.docker.backend/internal/engines/wslengine/wslprovisioner.deployDockerDistro\\n\\tgithub.com/docker/pinata/common/cmd/com.docker.backend/internal/engines/wslengine/wslprovisioner/provisioning_windows.go:95\",\"github.com/docker/pinata/common/cmd/com.docker.backend/internal/engines/wslengine/wslprovisioner.deployAndBootstrapMainDistro\\n\\tgithub.com/docker/pinata/common/cmd/com.docker.backend/internal/engines/wslengine/wslprovisioner/provisioning_windows.go:86\",\"github.com/docker/pinata/common/cmd/com.docker.backend/internal/engines/wslengine/wslprovisioner.ensureMainDistroIsDeployed\\n\\tgithub.com/docker/pinata/common/cmd/com.docker.backend/internal/engines/wslengine/wslprovisioner/provisioning_windows.go:50\",\"github.com/docker/pinata/common/cmd/com.docker.backend/internal/engines/wslengine/wslprovisioner.(*monoDistroProvisioner).provision\\n\\tgithub.com/docker/pinata/common/cmd/com.docker.backend/internal/engines/wslengine/wslprovisioner/monodistro_provisioner.go:44\",\"github.com/docker/pinata/common/cmd/com.docker.backend/internal/engines/wslengine/wslprovisioner.(*monoDistroProvisioner).deployDockerWslDistros\\n\\tgithub.com/docker/pinata/common/cmd/com.docker.backend/internal/engines/wslengine/wslprovisioner/monodistro_provisioner.go:29\",\"github.com/docker/pinata/common/cmd/com.docker.backend/internal/engines/wslengine/wslprovisioner.(*monoDistroProvisioner).Bootstrap\\n\\tgithub.com/docker/pinata/common/cmd/com.docker.backend/internal/engines/wslengine/wslprovisioner/monodistro_provisioner.go:83\",\"github.com/docker/pinata/common/cmd/com.docker.backend/internal/engines/wslengine/wslprovisioner.(*shimWslProvisioner).Bootstrap\\n\\tgithub.com/docker/pinata/common/cmd/com.docker.backend/internal/engines/wslengine/wslprovisioner/shim_provisioner.go:54\",\"github.com/docker/pinata/common/cmd/com.docker.backend/internal/engines/wslengine.(*wslEngine).run\\n\\tgithub.com/docker/pinata/common/cmd/com.docker.backend/internal/engines/wslengine/engine_windows.go:168\",\"github.com/docker/pinata/common/cmd/com.docker.backend/internal/engines/wslengine.(*wslEngine).Run\\n\\tgithub.com/docker/pinata/common/cmd/com.docker.backend/internal/engines/wslengine/engine_windows.go:135\",\"github.com/docker/pinata/common/cmd/com.docker.backend/internal/engines.(*RunningEngine).run.func1\\n\\tgithub.com/docker/pinata/common/cmd/com.docker.backend/internal/engines/running_engine.go:146\",\"golang.org/x/sync/errgroup.(*Group).Go.func1\\n\\tgolang.org/x/sync@v0.6.0/errgroup/errgroup.go:78\",\"runtime.goexit\\n\\truntime/asm_amd64.s:1695\"]},\"creationTime\":1721140862166348000,\"creationFile\":\"common/pkg/windows/wsl/wslexec/errors.go\",\"creationLine\":54,\"wrappedError\":{\"type\":\"*errordef.dockerDesktopError\",\"component\":\"wslexec\",\"originalError\":{\"type\":\"*errors.fundamental\",\"description\":\"running WSL command wsl.exe C:\\\\Windows\\\\System32\\\\wsl.exe --import docker-desktop \\u003cHOME\\u003e\\\\AppData\\\\Local\\\\Docker\\\\wsl\\\\main C:\\\\Program Files\\\\Docker\\\\Docker\\\\resources\\\\wsl\\\\wsl-bootstrap.tar --version 2: WSL2 is not supported with your current machine configuration.\\r\\nPlease enable the \\\"Virtual Machine Platform\\\" optional component and ensure virtualization is enabled in the BIOS.\\r\\nEnable \\\"Virtual Machine Platform\\\" by running: wsl.exe --install --no-distribution\\r\\nFor information please visit https://aka.ms/enablevirtualization\\r\\nError code: Wsl/Service/RegisterDistro/CreateVm/HCS/HCS_E_HYPERV_NOT_INSTALLED\\r\\n: exit status 0xffffffff\",\"stacktrace\":[\"github.com/docker/pinata/common/pkg/errordef.helper.Wrapf\\n\\tgithub.com/docker/pinata/common/pkg/errordef/helper.go:58\",\"github.com/docker/pinata/common/pkg/windows/wsl/wslexec.NewWSLCommandError\\n\\tgithub.com/docker/pinata/common/pkg/windows/wsl/wslexec/errors.go:48\",\"github.com/docker/pinata/common/pkg/windows/wsl/wsldistro.(*wslDistro).ImportDistro\\n\\tgithub.com/docker/pinata/common/pkg/windows/wsl/wsldistro/distro.go:161\",\"github.com/docker/pinata/common/cmd/com.docker.backend/internal/engines/wslengine/wslprovisioner.deployDockerDistro\\n\\tgithub.com/docker/pinata/common/cmd/com.docker.backend/internal/engines/wslengine/wslprovisioner/provisioning_windows.go:95\",\"github.com/docker/pinata/common/cmd/com.docker.backend/internal/engines/wslengine/wslprovisioner.deployAndBootstrapMainDistro\\n\\tgithub.com/docker/pinata/common/cmd/com.docker.backend/internal/engines/wslengine/wslprovisioner/provisioning_windows.go:86\",\"github.com/docker/pinata/common/cmd/com.docker.backend/internal/engines/wslengine/wslprovisioner.ensureMainDistroIsDeployed\\n\\tgithub.com/docker/pinata/common/cmd/com.docker.backend/internal/engines/wslengine/wslprovisioner/provisioning_windows.go:50\",\"github.com/docker/pinata/common/cmd/com.docker.backend/internal/engines/wslengine/wslprovisioner.(*monoDistroProvisioner).provision\\n\\tgithub.com/docker/pinata/common/cmd/com.docker.backend/internal/engines/wslengine/wslprovisioner/monodistro_provisioner.go:44\",\"github.com/docker/pinata/common/cmd/com.docker.backend/internal/engines/wslengine/wslprovisioner.(*monoDistroProvisioner).deployDockerWslDistros\\n\\tgithub.com/docker/pinata/common/cmd/com.docker.backend/internal/engines/wslengine/wslprovisioner/monodistro_provisioner.go:29\",\"github.com/docker/pinata/common/cmd/com.docker.backend/internal/engines/wslengine/wslprovisioner.(*monoDistroProvisioner).Bootstrap\\n\\tgithub.com/docker/pinata/common/cmd/com.docker.backend/internal/engines/wslengine/wslprovisioner/monodistro_provisioner.go:83\",\"github.com/docker/pinata/common/cmd/com.docker.backend/internal/engines/wslengine/wslprovisioner.(*shimWslProvisioner).Bootstrap\\n\\tgithub.com/docker/pinata/common/cmd/com.docker.backend/internal/engines/wslengine/wslprovisioner/shim_provisioner.go:54\",\"github.com/docker/pinata/common/cmd/com.docker.backend/internal/engines/wslengine.(*wslEngine).run\\n\\tgithub.com/docker/pinata/common/cmd/com.docker.backend/internal/engines/wslengine/engine_windows.go:168\",\"github.com/docker/pinata/common/cmd/com.docker.backend/internal/engines/wslengine.(*wslEngine).Run\\n\\tgithub.com/docker/pinata/common/cmd/com.docker.backend/internal/engines/wslengine/engine_windows.go:135\",\"github.com/docker/pinata/common/cmd/com.docker.backend/internal/engines.(*RunningEngine).run.func1\\n\\tgithub.com/docker/pinata/common/cmd/com.docker.backend/internal/engines/running_engine.go:146\",\"golang.org/x/sync/errgroup.(*Group).Go.func1\\n\\tgolang.org/x/sync@v0.6.0/errgroup/errgroup.go:78\",\"runtime.goexit\\n\\truntime/asm_amd64.s:1695\"]},\"creationTime\":1721140862166348000,\"creationFile\":\"common/pkg/windows/wsl/wslexec/errors.go\",\"creationLine\":48,\"wrappedError\":{\"type\":\"*exec.ExitError\",\"description\":\"exit status 0xffffffff\"}}}}}}]},\"creationTime\":1721140862166348000,\"creationFile\":\"common/cmd/com.docker.backend/internal/engines/wslengine/wslprovisioner/monodistro_provisioner.go\",\"creationLine\":84,\"wrappedError\":{\"type\":\"*errors.joinError\",\"errors\":[{\"type\":\"*errordef.dockerDesktopError\",\"component\":\"wslengine/wsl\",\"originalError\":{\"type\":\"*errors.fundamental\",\"description\":\"deploying WSL2 distributions\",\"stacktrace\":[\"github.com/docker/pinata/common/pkg/errordef.helper.New\\n\\tgithub.com/docker/pinata/common/pkg/errordef/helper.go:39\",\"github.com/docker/pinata/common/cmd/com.docker.backend/internal/engines/wslengine/wsl.init\\n\\tgithub.com/docker/pinata/common/cmd/com.docker.backend/internal/engines/wslengine/wsl/provisioning.go:15\",\"runtime.doInit1\\n\\truntime/proc.go:7176\",\"runtime.doInit\\n\\truntime/proc.go:7143\",\"runtime.main\\n\\truntime/proc.go:253\",\"runtime.goexit\\n\\truntime/asm_amd64.s:1695\"]},\"creationTime\":1721140854175736100,\"creationFile\":\"common/cmd/com.docker.backend/internal/engines/wslengine/wsl/provisioning.go\",\"creationLine\":15},{\"type\":\"*errordef.dockerDesktopError\",\"component\":\"wslprovisioner\",\"originalError\":{\"type\":\"*errors.fundamental\",\"description\":\"ensuring main distro is deployed: deploying \\\"docker-desktop\\\": importing WSL distro \\\"WSL2 is not supported with your current machine configuration.\\\\r\\\\nPlease enable the \\\\\\\"Virtual Machine Platform\\\\\\\" optional component and ensure virtualization is enabled in the BIOS.\\\\r\\\\nEnable \\\\\\\"Virtual Machine Platform\\\\\\\" by running: wsl.exe --install --no-distribution\\\\r\\\\nFor information please visit https://aka.ms/enablevirtualization\\\\r\\\\nError code: Wsl/Service/RegisterDistro/CreateVm/HCS/HCS_E_HYPERV_NOT_INSTALLED\\\\r\\\\n\\\" output=\\\"docker-desktop\\\": exit code: 4294967295: running WSL command wsl.exe C:\\\\Windows\\\\System32\\\\wsl.exe --import docker-desktop \\u003cHOME\\u003e\\\\AppData\\\\Local\\\\Docker\\\\wsl\\\\main C:\\\\Program Files\\\\Docker\\\\Docker\\\\resources\\\\wsl\\\\wsl-bootstrap.tar --version 2: WSL2 is not supported with your current machine configuration.\\r\\nPlease enable the \\\"Virtual Machine Platform\\\" optional component and ensure virtualization is enabled in the BIOS.\\r\\nEnable \\\"Virtual Machine Platform\\\" by running: wsl.exe --install --no-distribution\\r\\nFor information please visit https://aka.ms/enablevirtualization\\r\\nError code: Wsl/Service/RegisterDistro/CreateVm/HCS/HCS_E_HYPERV_NOT_INSTALLED\\r\\n: exit status 0xffffffff\",\"stacktrace\":[\"github.com/docker/pinata/common/pkg/errordef.helper.Wrap\\n\\tgithub.com/docker/pinata/common/pkg/errordef/helper.go:51\",\"github.com/docker/pinata/common/cmd/com.docker.backend/internal/engines/wslengine/wslprovisioner.(*monoDistroProvisioner).provision\\n\\tgithub.com/docker/pinata/common/cmd/com.docker.backend/internal/engines/wslengine/wslprovisioner/monodistro_provisioner.go:45\",\"github.com/docker/pinata/common/cmd/com.docker.backend/internal/engines/wslengine/wslprovisioner.(*monoDistroProvisioner).deployDockerWslDistros\\n\\tgithub.com/docker/pinata/common/cmd/com.docker.backend/internal/engines/wslengine/wslprovisioner/monodistro_provisioner.go:29\",\"github.com/docker/pinata/common/cmd/com.docker.backend/internal/engines/wslengine/wslprovisioner.(*monoDistroProvisioner).Bootstrap\\n\\tgithub.com/docker/pinata/common/cmd/com.docker.backend/internal/engines/wslengine/wslprovisioner/monodistro_provisioner.go:83\",\"github.com/docker/pinata/common/cmd/com.docker.backend/internal/engines/wslengine/wslprovisioner.(*shimWslProvisioner).Bootstrap\\n\\tgithub.com/docker/pinata/common/cmd/com.docker.backend/internal/engines/wslengine/wslprovisioner/shim_provisioner.go:54\",\"github.com/docker/pinata/common/cmd/com.docker.backend/internal/engines/wslengine.(*wslEngine).run\\n\\tgithub.com/docker/pinata/common/cmd/com.docker.backend/internal/engines/wslengine/engine_windows.go:168\",\"github.com/docker/pinata/common/cmd/com.docker.backend/internal/engines/wslengine.(*wslEngine).Run\\n\\tgithub.com/docker/pinata/common/cmd/com.docker.backend/internal/engines/wslengine/engine_windows.go:135\",\"github.com/docker/pinata/common/cmd/com.docker.backend/internal/engines.(*RunningEngine).run.func1\\n\\tgithub.com/docker/pinata/common/cmd/com.docker.backend/internal/engines/running_engine.go:146\",\"golang.org/x/sync/errgroup.(*Group).Go.func1\\n\\tgolang.org/x/sync@v0.6.0/errgroup/errgroup.go:78\",\"runtime.goexit\\n\\truntime/asm_amd64.s:1695\"]},\"creationTime\":1721140862166348000,\"creationFile\":\"common/cmd/com.docker.backend/internal/engines/wslengine/wslprovisioner/monodistro_provisioner.go\",\"creationLine\":45,\"wrappedError\":{\"type\":\"*errordef.dockerDesktopError\",\"component\":\"wslprovisioner\",\"originalError\":{\"type\":\"*errors.fundamental\",\"description\":\"deploying \\\"docker-desktop\\\": importing WSL distro \\\"WSL2 is not supported with your current machine configuration.\\\\r\\\\nPlease enable the \\\\\\\"Virtual Machine Platform\\\\\\\" optional component and ensure virtualization is enabled in the BIOS.\\\\r\\\\nEnable \\\\\\\"Virtual Machine Platform\\\\\\\" by running: wsl.exe --install --no-distribution\\\\r\\\\nFor information please visit https://aka.ms/enablevirtualization\\\\r\\\\nError code: Wsl/Service/RegisterDistro/CreateVm/HCS/HCS_E_HYPERV_NOT_INSTALLED\\\\r\\\\n\\\" output=\\\"docker-desktop\\\": exit code: 4294967295: running WSL command wsl.exe C:\\\\Windows\\\\System32\\\\wsl.exe --import docker-desktop \\u003cHOME\\u003e\\\\AppData\\\\Local\\\\Docker\\\\wsl\\\\main C:\\\\Program Files\\\\Docker\\\\Docker\\\\resources\\\\wsl\\\\wsl-bootstrap.tar --version 2: WSL2 is not supported with your current machine configuration.\\r\\nPlease enable the \\\"Virtual Machine Platform\\\" optional component and ensure virtualization is enabled in the BIOS.\\r\\nEnable \\\"Virtual Machine Platform\\\" by running: wsl.exe --install --no-distribution\\r\\nFor information please visit https://aka.ms/enablevirtualization\\r\\nError code: Wsl/Service/RegisterDistro/CreateVm/HCS/HCS_E_HYPERV_NOT_INSTALLED\\r\\n: exit status 0xffffffff\",\"stacktrace\":[\"github.com/docker/pinata/common/pkg/errordef.helper.Wrapf\\n\\tgithub.com/docker/pinata/common/pkg/errordef/helper.go:58\",\"github.com/docker/pinata/common/cmd/com.docker.backend/internal/engines/wslengine/wslprovisioner.deployAndBootstrapMainDistro\\n\\tgithub.com/docker/pinata/common/cmd/com.docker.backend/internal/engines/wslengine/wslprovisioner/provisioning_windows.go:86\",\"github.com/docker/pinata/common/cmd/com.docker.backend/internal/engines/wslengine/wslprovisioner.ensureMainDistroIsDeployed\\n\\tgithub.com/docker/pinata/common/cmd/com.docker.backend/internal/engines/wslengine/wslprovisioner/provisioning_windows.go:50\",\"github.com/docker/pinata/common/cmd/com.docker.backend/internal/engines/wslengine/wslprovisioner.(*monoDistroProvisioner).provision\\n\\tgithub.com/docker/pinata/common/cmd/com.docker.backend/internal/engines/wslengine/wslprovisioner/monodistro_provisioner.go:44\",\"github.com/docker/pinata/common/cmd/com.docker.backend/internal/engines/wslengine/wslprovisioner.(*monoDistroProvisioner).deployDockerWslDistros\\n\\tgithub.com/docker/pinata/common/cmd/com.docker.backend/internal/engines/wslengine/wslprovisioner/monodistro_provisioner.go:29\",\"github.com/docker/pinata/common/cmd/com.docker.backend/internal/engines/wslengine/wslprovisioner.(*monoDistroProvisioner).Bootstrap\\n\\tgithub.com/docker/pinata/common/cmd/com.docker.backend/internal/engines/wslengine/wslprovisioner/monodistro_provisioner.go:83\",\"github.com/docker/pinata/common/cmd/com.docker.backend/internal/engines/wslengine/wslprovisioner.(*shimWslProvisioner).Bootstrap\\n\\tgithub.com/docker/pinata/common/cmd/com.docker.backend/internal/engines/wslengine/wslprovisioner/shim_provisioner.go:54\",\"github.com/docker/pinata/common/cmd/com.docker.backend/internal/engines/wslengine.(*wslEngine).run\\n\\tgithub.com/docker/pinata/common/cmd/com.docker.backend/internal/engines/wslengine/engine_windows.go:168\",\"github.com/docker/pinata/common/cmd/com.docker.backend/internal/engines/wslengine.(*wslEngine).Run\\n\\tgithub.com/docker/pinata/common/cmd/com.docker.backend/internal/engines/wslengine/engine_windows.go:135\",\"github.com/docker/pinata/common/cmd/com.docker.backend/internal/engines.(*RunningEngine).run.func1\\n\\tgithub.com/docker/pinata/common/cmd/com.docker.backend/internal/engines/running_engine.go:146\",\"golang.org/x/sync/errgroup.(*Group).Go.func1\\n\\tgolang.org/x/sync@v0.6.0/errgroup/errgroup.go:78\",\"runtime.goexit\\n\\truntime/asm_amd64.s:1695\"]},\"creationTime\":1721140862166348000,\"creationFile\":\"common/cmd/com.docker.backend/internal/engines/wslengine/wslprovisioner/provisioning_windows.go\",\"creationLine\":86,\"wrappedError\":{\"type\":\"*errordef.dockerDesktopError\",\"component\":\"wslprovisioner\",\"originalError\":{\"type\":\"*errors.fundamental\",\"description\":\"importing WSL distro \\\"WSL2 is not supported with your current machine configuration.\\\\r\\\\nPlease enable the \\\\\\\"Virtual Machine Platform\\\\\\\" optional component and ensure virtualization is enabled in the BIOS.\\\\r\\\\nEnable \\\\\\\"Virtual Machine Platform\\\\\\\" by running: wsl.exe --install --no-distribution\\\\r\\\\nFor information please visit https://aka.ms/enablevirtualization\\\\r\\\\nError code: Wsl/Service/RegisterDistro/CreateVm/HCS/HCS_E_HYPERV_NOT_INSTALLED\\\\r\\\\n\\\" output=\\\"docker-desktop\\\": exit code: 4294967295: running WSL command wsl.exe C:\\\\Windows\\\\System32\\\\wsl.exe --import docker-desktop \\u003cHOME\\u003e\\\\AppData\\\\Local\\\\Docker\\\\wsl\\\\main C:\\\\Program Files\\\\Docker\\\\Docker\\\\resources\\\\wsl\\\\wsl-bootstrap.tar --version 2: WSL2 is not supported with your current machine configuration.\\r\\nPlease enable the \\\"Virtual Machine Platform\\\" optional component and ensure virtualization is enabled in the BIOS.\\r\\nEnable \\\"Virtual Machine Platform\\\" by running: wsl.exe --install --no-distribution\\r\\nFor information please visit https://aka.ms/enablevirtualization\\r\\nError code: Wsl/Service/RegisterDistro/CreateVm/HCS/HCS_E_HYPERV_NOT_INSTALLED\\r\\n: exit status 0xffffffff\",\"stacktrace\":[\"github.com/docker/pinata/common/pkg/errordef.helper.Wrapf\\n\\tgithub.com/docker/pinata/common/pkg/errordef/helper.go:58\",\"github.com/docker/pinata/common/cmd/com.docker.backend/internal/engines/wslengine/wslprovisioner.deployDockerDistro\\n\\tgithub.com/docker/pinata/common/cmd/com.docker.backend/internal/engines/wslengine/wslprovisioner/provisioning_windows.go:97\",\"github.com/docker/pinata/common/cmd/com.docker.backend/internal/engines/wslengine/wslprovisioner.deployAndBootstrapMainDistro\\n\\tgithub.com/docker/pinata/common/cmd/com.docker.backend/internal/engines/wslengine/wslprovisioner/provisioning_windows.go:86\",\"github.com/docker/pinata/common/cmd/com.docker.backend/internal/engines/wslengine/wslprovisioner.ensureMainDistroIsDeployed\\n\\tgithub.com/docker/pinata/common/cmd/com.docker.backend/internal/engines/wslengine/wslprovisioner/provisioning_windows.go:50\",\"github.com/docker/pinata/common/cmd/com.docker.backend/internal/engines/wslengine/wslprovisioner.(*monoDistroProvisioner).provision\\n\\tgithub.com/docker/pinata/common/cmd/com.docker.backend/internal/engines/wslengine/wslprovisioner/monodistro_provisioner.go:44\",\"github.com/docker/pinata/common/cmd/com.docker.backend/internal/engines/wslengine/wslprovisioner.(*monoDistroProvisioner).deployDockerWslDistros\\n\\tgithub.com/docker/pinata/common/cmd/com.docker.backend/internal/engines/wslengine/wslprovisioner/monodistro_provisioner.go:29\",\"github.com/docker/pinata/common/cmd/com.docker.backend/internal/engines/wslengine/wslprovisioner.(*monoDistroProvisioner).Bootstrap\\n\\tgithub.com/docker/pinata/common/cmd/com.docker.backend/internal/engines/wslengine/wslprovisioner/monodistro_provisioner.go:83\",\"github.com/docker/pinata/common/cmd/com.docker.backend/internal/engines/wslengine/wslprovisioner.(*shimWslProvisioner).Bootstrap\\n\\tgithub.com/docker/pinata/common/cmd/com.docker.backend/internal/engines/wslengine/wslprovisioner/shim_provisioner.go:54\",\"github.com/docker/pinata/common/cmd/com.docker.backend/internal/engines/wslengine.(*wslEngine).run\\n\\tgithub.com/docker/pinata/common/cmd/com.docker.backend/internal/engines/wslengine/engine_windows.go:168\",\"github.com/docker/pinata/common/cmd/com.docker.backend/internal/engines/wslengine.(*wslEngine).Run\\n\\tgithub.com/docker/pinata/common/cmd/com.docker.backend/internal/engines/wslengine/engine_windows.go:135\",\"github.com/docker/pinata/common/cmd/com.docker.backend/internal/engines.(*RunningEngine).run.func1\\n\\tgithub.com/docker/pinata/common/cmd/com.docker.backend/internal/engines/running_engine.go:146\",\"golang.org/x/sync/errgroup.(*Group).Go.func1\\n\\tgolang.org/x/sync@v0.6.0/errgroup/errgroup.go:78\",\"runtime.goexit\\n\\truntime/asm_amd64.s:1695\"]},\"creationTime\":1721140862166348000,\"creationFile\":\"common/cmd/com.docker.backend/internal/engines/wslengine/wslprovisioner/provisioning_windows.go\",\"creationLine\":97,\"wrappedError\":{\"type\":\"*errordef.dockerDesktopError\",\"component\":\"wslexec\",\"originalError\":{\"type\":\"*errors.fundamental\",\"description\":\"exit code: 4294967295: running WSL command wsl.exe C:\\\\Windows\\\\System32\\\\wsl.exe --import docker-desktop \\u003cHOME\\u003e\\\\AppData\\\\Local\\\\Docker\\\\wsl\\\\main C:\\\\Program Files\\\\Docker\\\\Docker\\\\resources\\\\wsl\\\\wsl-bootstrap.tar --version 2: WSL2 is not supported with your current machine configuration.\\r\\nPlease enable the \\\"Virtual Machine Platform\\\" optional component and ensure virtualization is enabled in the BIOS.\\r\\nEnable \\\"Virtual Machine Platform\\\" by running: wsl.exe --install --no-distribution\\r\\nFor information please visit https://aka.ms/enablevirtualization\\r\\nError code: Wsl/Service/RegisterDistro/CreateVm/HCS/HCS_E_HYPERV_NOT_INSTALLED\\r\\n: exit status 0xffffffff\",\"stacktrace\":[\"github.com/docker/pinata/common/pkg/errordef.helper.Wrapf\\n\\tgithub.com/docker/pinata/common/pkg/errordef/helper.go:58\",\"github.com/docker/pinata/common/pkg/windows/wsl/wslexec.NewWSLCommandError\\n\\tgithub.com/docker/pinata/common/pkg/windows/wsl/wslexec/errors.go:54\",\"github.com/docker/pinata/common/pkg/windows/wsl/wsldistro.(*wslDistro).ImportDistro\\n\\tgithub.com/docker/pinata/common/pkg/windows/wsl/wsldistro/distro.go:161\",\"github.com/docker/pinata/common/cmd/com.docker.backend/internal/engines/wslengine/wslprovisioner.deployDockerDistro\\n\\tgithub.com/docker/pinata/common/cmd/com.docker.backend/internal/engines/wslengine/wslprovisioner/provisioning_windows.go:95\",\"github.com/docker/pinata/common/cmd/com.docker.backend/internal/engines/wslengine/wslprovisioner.deployAndBootstrapMainDistro\\n\\tgithub.com/docker/pinata/common/cmd/com.docker.backend/internal/engines/wslengine/wslprovisioner/provisioning_windows.go:86\",\"github.com/docker/pinata/common/cmd/com.docker.backend/internal/engines/wslengine/wslprovisioner.ensureMainDistroIsDeployed\\n\\tgithub.com/docker/pinata/common/cmd/com.docker.backend/internal/engines/wslengine/wslprovisioner/provisioning_windows.go:50\",\"github.com/docker/pinata/common/cmd/com.docker.backend/internal/engines/wslengine/wslprovisioner.(*monoDistroProvisioner).provision\\n\\tgithub.com/docker/pinata/common/cmd/com.docker.backend/internal/engines/wslengine/wslprovisioner/monodistro_provisioner.go:44\",\"github.com/docker/pinata/common/cmd/com.docker.backend/internal/engines/wslengine/wslprovisioner.(*monoDistroProvisioner).deployDockerWslDistros\\n\\tgithub.com/docker/pinata/common/cmd/com.docker.backend/internal/engines/wslengine/wslprovisioner/monodistro_provisioner.go:29\",\"github.com/docker/pinata/common/cmd/com.docker.backend/internal/engines/wslengine/wslprovisioner.(*monoDistroProvisioner).Bootstrap\\n\\tgithub.com/docker/pinata/common/cmd/com.docker.backend/internal/engines/wslengine/wslprovisioner/monodistro_provisioner.go:83\",\"github.com/docker/pinata/common/cmd/com.docker.backend/internal/engines/wslengine/wslprovisioner.(*shimWslProvisioner).Bootstrap\\n\\tgithub.com/docker/pinata/common/cmd/com.docker.backend/internal/engines/wslengine/wslprovisioner/shim_provisioner.go:54\",\"github.com/docker/pinata/common/cmd/com.docker.backend/internal/engines/wslengine.(*wslEngine).run\\n\\tgithub.com/docker/pinata/common/cmd/com.docker.backend/internal/engines/wslengine/engine_windows.go:168\",\"github.com/docker/pinata/common/cmd/com.docker.backend/internal/engines/wslengine.(*wslEngine).Run\\n\\tgithub.com/docker/pinata/common/cmd/com.docker.backend/internal/engines/wslengine/engine_windows.go:135\",\"github.com/docker/pinata/common/cmd/com.docker.backend/internal/engines.(*RunningEngine).run.func1\\n\\tgithub.com/docker/pinata/common/cmd/com.docker.backend/internal/engines/running_engine.go:146\",\"golang.org/x/sync/errgroup.(*Group).Go.func1\\n\\tgolang.org/x/sync@v0.6.0/errgroup/errgroup.go:78\",\"runtime.goexit\\n\\truntime/asm_amd64.s:1695\"]},\"creationTime\":1721140862166348000,\"creationFile\":\"common/pkg/windows/wsl/wslexec/errors.go\",\"creationLine\":54,\"wrappedError\":{\"type\":\"*errordef.dockerDesktopError\",\"component\":\"wslexec\",\"originalError\":{\"type\":\"*errors.fundamental\",\"description\":\"running WSL command wsl.exe C:\\\\Windows\\\\System32\\\\wsl.exe --import docker-desktop \\u003cHOME\\u003e\\\\AppData\\\\Local\\\\Docker\\\\wsl\\\\main C:\\\\Program Files\\\\Docker\\\\Docker\\\\resources\\\\wsl\\\\wsl-bootstrap.tar --version 2: WSL2 is not supported with your current machine configuration.\\r\\nPlease enable the \\\"Virtual Machine Platform\\\" optional component and ensure virtualization is enabled in the BIOS.\\r\\nEnable \\\"Virtual Machine Platform\\\" by running: wsl.exe --install --no-distribution\\r\\nFor information please visit https://aka.ms/enablevirtualization\\r\\nError code: Wsl/Service/RegisterDistro/CreateVm/HCS/HCS_E_HYPERV_NOT_INSTALLED\\r\\n: exit status 0xffffffff\",\"stacktrace\":[\"github.com/docker/pinata/common/pkg/errordef.helper.Wrapf\\n\\tgithub.com/docker/pinata/common/pkg/errordef/helper.go:58\",\"github.com/docker/pinata/common/pkg/windows/wsl/wslexec.NewWSLCommandError\\n\\tgithub.com/docker/pinata/common/pkg/windows/wsl/wslexec/errors.go:48\",\"github.com/docker/pinata/common/pkg/windows/wsl/wsldistro.(*wslDistro).ImportDistro\\n\\tgithub.com/docker/pinata/common/pkg/windows/wsl/wsldistro/distro.go:161\",\"github.com/docker/pinata/common/cmd/com.docker.backend/internal/engines/wslengine/wslprovisioner.deployDockerDistro\\n\\tgithub.com/docker/pinata/common/cmd/com.docker.backend/internal/engines/wslengine/wslprovisioner/provisioning_windows.go:95\",\"github.com/docker/pinata/common/cmd/com.docker.backend/internal/engines/wslengine/wslprovisioner.deployAndBootstrapMainDistro\\n\\tgithub.com/docker/pinata/common/cmd/com.docker.backend/internal/engines/wslengine/wslprovisioner/provisioning_windows.go:86\",\"github.com/docker/pinata/common/cmd/com.docker.backend/internal/engines/wslengine/wslprovisioner.ensureMainDistroIsDeployed\\n\\tgithub.com/docker/pinata/common/cmd/com.docker.backend/internal/engines/wslengine/wslprovisioner/provisioning_windows.go:50\",\"github.com/docker/pinata/common/cmd/com.docker.backend/internal/engines/wslengine/wslprovisioner.(*monoDistroProvisioner).provision\\n\\tgithub.com/docker/pinata/common/cmd/com.docker.backend/internal/engines/wslengine/wslprovisioner/monodistro_provisioner.go:44\",\"github.com/docker/pinata/common/cmd/com.docker.backend/internal/engines/wslengine/wslprovisioner.(*monoDistroProvisioner).deployDockerWslDistros\\n\\tgithub.com/docker/pinata/common/cmd/com.docker.backend/internal/engines/wslengine/wslprovisioner/monodistro_provisioner.go:29\",\"github.com/docker/pinata/common/cmd/com.docker.backend/internal/engines/wslengine/wslprovisioner.(*monoDistroProvisioner).Bootstrap\\n\\tgithub.com/docker/pinata/common/cmd/com.docker.backend/internal/engines/wslengine/wslprovisioner/monodistro_provisioner.go:83\",\"github.com/docker/pinata/common/cmd/com.docker.backend/internal/engines/wslengine/wslprovisioner.(*shimWslProvisioner).Bootstrap\\n\\tgithub.com/docker/pinata/common/cmd/com.docker.backend/internal/engines/wslengine/wslprovisioner/shim_provisioner.go:54\",\"github.com/docker/pinata/common/cmd/com.docker.backend/internal/engines/wslengine.(*wslEngine).run\\n\\tgithub.com/docker/pinata/common/cmd/com.docker.backend/internal/engines/wslengine/engine_windows.go:168\",\"github.com/docker/pinata/common/cmd/com.docker.backend/internal/engines/wslengine.(*wslEngine).Run\\n\\tgithub.com/docker/pinata/common/cmd/com.docker.backend/internal/engines/wslengine/engine_windows.go:135\",\"github.com/docker/pinata/common/cmd/com.docker.backend/internal/engines.(*RunningEngine).run.func1\\n\\tgithub.com/docker/pinata/common/cmd/com.docker.backend/internal/engines/running_engine.go:146\",\"golang.org/x/sync/errgroup.(*Group).Go.func1\\n\\tgolang.org/x/sync@v0.6.0/errgroup/errgroup.go:78\",\"runtime.goexit\\n\\truntime/asm_amd64.s:1695\"]},\"creationTime\":1721140862166348000,\"creationFile\":\"common/pkg/windows/wsl/wslexec/errors.go\",\"creationLine\":48,\"wrappedError\":{\"type\":\"*exec.ExitError\",\"description\":\"exit status 0xffffffff\"}}}}}}]}},{\"type\":\"*errordef.dockerDesktopError\",\"component\":\"enginedependencies\",\"originalError\":{\"type\":\"*errors.fundamental\",\"description\":\"checking if isocache exists: CreateFile \\\\\\\\wsl$\\\\docker-desktop-data\\\\isocache\\\\: The network name cannot be found.\",\"stacktrace\":[\"github.com/docker/pinata/common/pkg/errordef.helper.Wrap\\n\\tgithub.com/docker/pinata/common/pkg/errordef/helper.go:51\",\"github.com/docker/pinata/common/cmd/com.docker.backend/internal/engines/enginedeps.(*depsControllerImpl).ClearISOCache\\n\\tgithub.com/docker/pinata/common/cmd/com.docker.backend/internal/engines/enginedeps/dependencies.go:235\",\"github.com/docker/pinata/common/cmd/com.docker.backend/internal/engines/wslengine.(*wslEngine).run\\n\\tgithub.com/docker/pinata/common/cmd/com.docker.backend/internal/engines/wslengine/engine_windows.go:170\",\"github.com/docker/pinata/common/cmd/com.docker.backend/internal/engines/wslengine.(*wslEngine).Run\\n\\tgithub.com/docker/pinata/common/cmd/com.docker.backend/internal/engines/wslengine/engine_windows.go:135\",\"github.com/docker/pinata/common/cmd/com.docker.backend/internal/engines.(*RunningEngine).run.func1\\n\\tgithub.com/docker/pinata/common/cmd/com.docker.backend/internal/engines/running_engine.go:146\",\"golang.org/x/sync/errgroup.(*Group).Go.func1\\n\\tgolang.org/x/sync@v0.6.0/errgroup/errgroup.go:78\",\"runtime.goexit\\n\\truntime/asm_amd64.s:1695\"]},\"creationTime\":1721140862204817200,\"creationFile\":\"common/cmd/com.docker.backend/internal/engines/enginedeps/dependencies.go\",\"creationLine\":235,\"wrappedError\":{\"type\":\"*fs.PathError\",\"error\":{\"type\":\"syscall.Errno\",\"description\":\"The network name cannot be found.\"},\"message\":\"CreateFile \\\\\\\\wsl$\\\\docker-desktop-data\\\\isocache\\\\\"}}]}}}}",
    "source": "engines",
    "sessionID": "7e25b4a9-11a2-459c-9b01-582b1b59f2de"
  }
]