{"BuildsViewEAPBanner":{"name":"Builds view EAP banner","label":"Enables a banner on the Builds view","description":"Displays a sign-up form for early access to build features","userFacingDescription":"Displays build EAP sign-up","enabled":true,"type":2,"valueSource":"remote"},"BuildsViewGABanner":{"name":"Builds view GA banner","label":"Enables a banner on the Builds view","description":"Displays a sign-up form for next generation Docker build","userFacingDescription":"Displays next gen Docker build sign-up","enabled":true,"type":2,"valueSource":"remote"},"ComposeAutoFileShares":{"name":"Compose: Automatic Synchronized File Share management","label":"","enabled":false,"type":2,"valueSource":"remote"},"ComposeNav":{"name":"Compose: TUI nav bar","label":"","enabled":true,"type":2,"valueSource":"remote"},"ComposeUIView":{"name":"Compose: Enables the new design for compose view","label":"","enabled":true,"type":2,"valueSource":"remote"},"ComposeUIViewCustomer0":{"name":"Compose: Enable import button for Customer 0","label":"","enabled":false,"type":2,"valueSource":"default"},"ContainerdV2Notification":{"name":"Containerd: Enables showing the containerd image store notification","label":"","enabled":true,"type":2,"valueSource":"remote"},"DashboardInterProcessStateSync":{"name":"Dashboard: Inter-process state syncing","label":"","enabled":false,"type":2,"valueSource":"default"},"DataGridRedesign":{"name":"DataGrid Redesign","label":"Enables new DataGrid Redesign for Docker Desktop","enabled":false,"type":2,"valueSource":"default"},"DataTransferBanner":{"name":"DataTransfer Banner","label":"Enables the DataTransfer banner","description":"Enables the DataTransfer banner in the dashboard","enabled":false,"type":2,"valueSource":"remote"},"DesktopTerminal":{"name":"Desktop Terminal","label":"Enables the Desktop Terminal","description":"Enables the terminal in Docker Desktop","enabled":false,"type":2,"valueSource":"remote"},"DesktopUIBugsnagSampling":{"name":"DesktopUI Bugsnag Sampling","label":"Enables sampling of bugsnag events in DesktopUI","enabled":true,"type":2,"valueSource":"remote"},"DockerProjects":{"name":"Docker Projects","label":"Enables Docker Projects in Docker Desktop","enabled":false,"type":1,"valueSource":"default"},"DockerPublicImageUsage":{"name":"Docker Public Image Usage","label":"","enabled":false,"type":2,"valueSource":"remote"},"ExternalRegistry":{"name":"External Registry Support","label":"External Registry Support in Docker Desktop","description":"When this is set, the dashboard shows the external registry support (auth and list of private remote repositories)","enabled":false,"type":2,"valueSource":"default"},"GSExtensionsTest":{"name":"Global Search Extensions Improvements","label":"Improves display of extensions in Global Search","description":"Adds feature and recommended info for extensions in Global Search","enabled":false,"type":2,"valueSource":"remote"},"Harmonia":{"name":"Harmonia","label":"Enables Harmonia","enabled":false,"type":1,"valueSource":"default"},"IPv6":{"name":"IPv6 support","label":"","enabled":false,"type":1,"valueSource":"default"},"IdleBalloon":{"name":"Idle Balloon","label":"Balloon VM memory when idle","description":"When this is set, the system will balloon VM memory when idle","enabled":false,"type":2,"valueSource":"remote"},"InAppFeedback":{"name":"In-App Feedback","label":"Enables the new feedback surveys","description":"Enables the new Docker Desktop feedback surveys that do not require a user to leave the app","enabled":true,"type":2,"valueSource":"remote"},"KubernetesReportErrors":{"name":"Kubernetes: Report cluster start errors","label":"","enabled":true,"type":2,"valueSource":"remote"},"LearningCenterAIML":{"name":"Learning Center AIML Section","label":"Enables the AIML section in the Learning Center","enabled":true,"type":2,"valueSource":"remote"},"NightlyBuilds":{"name":"Nightly builds","label":"Enable nightly builds","description":"Switch the application update to the night builds","enabled":false,"type":1,"valueSource":"default"},"ProUser":{"name":"ProUser","label":"personal","description":"You can upgrade your current tier [here](URL)","enabled":false,"type":3,"valueSource":"entitlement"},"ScoutExceptionsM2":{"name":"Scout Exceptions M2","label":"Enables the UI for Scout Exceptions M2","enabled":false,"type":1,"valueSource":"default"},"ScoutExceptionsM2ShowBadge":{"name":"Scout Exceptions badge","label":"Enables the \"NEW\" badge for the Scout Exceptions UI","enabled":false,"type":1,"valueSource":"default"},"ScoutNotifications":{"name":"Scout Notifications","label":"Enables Scout notifications","enabled":false,"type":2,"valueSource":"remote"},"ScoutVexM1":{"name":"Scout VEX M1","label":"Enables the UI for Scout VEX M1 (Phase 1)","enabled":true,"type":2,"valueSource":"remote"},"ScoutVexShowBadge":{"name":"Scout VEX badge","label":"Enables the \"NEW\" badge for the Scout VEX UI","enabled":true,"type":2,"valueSource":"remote"},"SidebarLayout":{"name":"Sidebar Layout","label":"Enables new Sidebar Layout for Docker Desktop","enabled":true,"type":2,"valueSource":"remote"},"SimultaneousLinuxAndWindowsContainers":{"name":"Simultaneous Linux and Windows containers","label":"Simultaneous Linux and Windows containers","description":"Allow both Linux and Windows containers simultaneously using docker cli contexts","enabled":false,"type":3,"valueSource":"entitlement"},"TrackTrustedImages":{"name":"Track Trusted Images","label":"","enabled":false,"type":2,"valueSource":"remote"},"UntitledUiIcons":{"name":"Icon Library","label":"Enables new icon library for Docker Desktop","enabled":false,"type":2,"valueSource":"remote"},"VolumesBackupAndShare":{"name":"Volumes Backup and Share","label":"Enables Volumes Backup and Share","description":"Enables Volumes Backup and Share in Docker Desktop","enabled":true,"type":2,"valueSource":"remote"},"VolumesBackupAndShareM2":{"name":"Volumes Backup and Share M2","label":"Enables Volumes Backup and Share with Scheduled Backups","description":"Enables Volumes Backup and Share with Scheduled Backups in Docker Desktop","enabled":false,"type":1,"valueSource":"default"},"WSL2MonoDistroP1":{"name":"WSL2 mono-distro","label":"WSL2 mono-distro mode","description":"Enables the mono-distro mode for the WSL2 engine in Docker Desktop (requires factory reset to enable or disable)","enabled":true,"type":2,"valueSource":"remote"}}