{
  "containers": 0,
  "services": 0,
  "apisInFlight": {
    "/_ping": 2,
    "/v1.43/containers/json": 1,
    "/v1.43/info": 1,
    "/v1.43/version": 1
  },
  "kubernetesEnabled": false,
  "windowsContainers": false,
  "timedActivities": {
    "/idle/make-busy": 12732307200,
    "dial//run/guest-services/volume-contents.sock": 29992217000,
    "write//run/guest-services/volume-contents.sock": 59994314500
  },
  "idle": false,
  "reduced": false,
  "booted": false,
  "vmRunning": true,
  "vmStopped": false,
  "vmPaused": false,
  "busyReason": [
    "in-flight APIs: map[/_ping:2 /v1.43/containers/json:1 /v1.43/info:1 /v1.43/version:1]",
    "timed activities: map[/idle/make-busy:12.7323072s dial//run/guest-services/volume-contents.sock:29.992217s write//run/guest-services/volume-contents.sock:59.9943145s]"
  ]
}