#TYPE System.Diagnostics.Eventing.Reader.EventLogRecord
"Message","Id","Version","Qualifiers","Level","Task","Opcode","Keywords","RecordId","ProviderName","ProviderId","LogName","ProcessId","ThreadId","MachineName","UserId","TimeCreated","ActivityId","RelatedActivityId","ContainerLog","MatchedQueryIds","Bookmark","LevelDisplayName","OpcodeDisplayName","TaskDisplayName","KeywordsDisplayNames","Properties"
"[A26AA84F-69FF-4619-B233-0540DDE39E3A] Create compute system, result 0x80370102","2000","0",,"4","0","0","4611686018427387904","8","Microsoft-Windows-Hyper-V-Compute","17103e3f-3c6e-4677-bb17-3b267eb5be57","Microsoft-Windows-Hyper-V-Compute-Operational","13180","13568","<HOST>","S-1-5-18","7/16/2024 2:41:02 PM",,,"Microsoft-Windows-Hyper-V-Compute-Operational","System.UInt32[]","System.Diagnostics.Eventing.Reader.EventBookmark","Information","Info",,"System.Collections.ObjectModel.ReadOnlyCollection`1[System.String]","System.Collections.Generic.List`1[System.Diagnostics.Eventing.Reader.EventProperty]"
"[A26AA84F-69FF-4619-B233-0540DDE39E3A] Queue system notification: 1 / 0x80004005","2009","0",,"4","0","0","4611686018427387904","7","Microsoft-Windows-Hyper-V-Compute","17103e3f-3c6e-4677-bb17-3b267eb5be57","Microsoft-Windows-Hyper-V-Compute-Operational","13180","13568","<HOST>","S-1-5-18","7/16/2024 2:41:02 PM",,,"Microsoft-Windows-Hyper-V-Compute-Operational","System.UInt32[]","System.Diagnostics.Eventing.Reader.EventBookmark","Information","Info",,"System.Collections.ObjectModel.ReadOnlyCollection`1[System.String]","System.Collections.Generic.List`1[System.Diagnostics.Eventing.Reader.EventProperty]"
"Cannot create system 'A26AA84F-69FF-4619-B233-0540DDE39E3A' since Hyper-V is not installed on the host.","11008","0",,"2","0","0","-9223372036854775808","4","Microsoft-Windows-Hyper-V-Compute","17103e3f-3c6e-4677-bb17-3b267eb5be57","Microsoft-Windows-Hyper-V-Compute-Admin","13180","13568","<HOST>","S-1-5-18","7/16/2024 2:40:55 PM",,,"Microsoft-Windows-Hyper-V-Compute-Admin","System.UInt32[]","System.Diagnostics.Eventing.Reader.EventBookmark","Error","Info",,"System.Collections.ObjectModel.ReadOnlyCollection`1[System.String]","System.Collections.Generic.List`1[System.Diagnostics.Eventing.Reader.EventProperty]"
"[A26AA84F-69FF-4619-B233-0540DDE39E3A] Create Virtual Machine","2014","0",,"4","0","0","4611686018427387904","6","Microsoft-Windows-Hyper-V-Compute","17103e3f-3c6e-4677-bb17-3b267eb5be57","Microsoft-Windows-Hyper-V-Compute-Operational","13180","13568","<HOST>","S-1-5-18","7/16/2024 2:40:55 PM",,,"Microsoft-Windows-Hyper-V-Compute-Operational","System.UInt32[]","System.Diagnostics.Eventing.Reader.EventBookmark","Information","Info",,"System.Collections.ObjectModel.ReadOnlyCollection`1[System.String]","System.Collections.Generic.List`1[System.Diagnostics.Eventing.Reader.EventProperty]"
"The Host Compute Service started successfully.","1001","0",,"4","0","0","-9223372036854775808","3","Microsoft-Windows-Hyper-V-Compute","17103e3f-3c6e-4677-bb17-3b267eb5be57","Microsoft-Windows-Hyper-V-Compute-Admin","13180","16628","<HOST>","S-1-5-18","7/16/2024 2:40:55 PM",,,"Microsoft-Windows-Hyper-V-Compute-Admin","System.UInt32[]","System.Diagnostics.Eventing.Reader.EventBookmark","Information","Info",,"System.Collections.ObjectModel.ReadOnlyCollection`1[System.String]","System.Collections.Generic.List`1[System.Diagnostics.Eventing.Reader.EventProperty]"
"The Host Compute Service is starting.","1000","0",,"4","0","0","4611686018427387904","5","Microsoft-Windows-Hyper-V-Compute","17103e3f-3c6e-4677-bb17-3b267eb5be57","Microsoft-Windows-Hyper-V-Compute-Operational","13180","16628","<HOST>","S-1-5-18","7/16/2024 2:40:55 PM",,,"Microsoft-Windows-Hyper-V-Compute-Operational","System.UInt32[]","System.Diagnostics.Eventing.Reader.EventBookmark","Information","Info",,"System.Collections.ObjectModel.ReadOnlyCollection`1[System.String]","System.Collections.Generic.List`1[System.Diagnostics.Eventing.Reader.EventProperty]"
"Ioctl End

ioctlCode: 0x0000081f,
delta (100 ns): 76,
ntStatus: 0x00000000","0","0",,"5","0","0","0","108","Microsoft-Windows-Hyper-V-VmSwitch","67dc0d66-3695-47c0-9642-33f76f7bd7ad","Microsoft-Windows-Hyper-V-VmSwitch-Operational","13180","1944","<HOST>","S-1-5-18","7/16/2024 2:40:55 PM",,,"Microsoft-Windows-Hyper-V-VmSwitch-Operational","System.UInt32[]","System.Diagnostics.Eventing.Reader.EventBookmark","5","0","Ioctl End","System.Collections.ObjectModel.ReadOnlyCollection`1[System.String]","System.Collections.Generic.List`1[System.Diagnostics.Eventing.Reader.EventProperty]"
"Ioctl Begin

ioctlCode: 0x0000081f","0","0",,"5","0","0","0","107","Microsoft-Windows-Hyper-V-VmSwitch","67dc0d66-3695-47c0-9642-33f76f7bd7ad","Microsoft-Windows-Hyper-V-VmSwitch-Operational","13180","1944","<HOST>","S-1-5-18","7/16/2024 2:40:55 PM",,,"Microsoft-Windows-Hyper-V-VmSwitch-Operational","System.UInt32[]","System.Diagnostics.Eventing.Reader.EventBookmark","5","0","Ioctl Begin","System.Collections.ObjectModel.ReadOnlyCollection`1[System.String]","System.Collections.Generic.List`1[System.Diagnostics.Eventing.Reader.EventProperty]"
"Ioctl End

ioctlCode: 0x00000d15,
delta (100 ns): 20,
ntStatus: 0x00000000","0","0",,"5","0","0","0","106","Microsoft-Windows-Hyper-V-VmSwitch","67dc0d66-3695-47c0-9642-33f76f7bd7ad","Microsoft-Windows-Hyper-V-VmSwitch-Operational","3740","4868","<HOST>","S-1-5-18","7/16/2024 6:08:09 AM",,,"Microsoft-Windows-Hyper-V-VmSwitch-Operational","System.UInt32[]","System.Diagnostics.Eventing.Reader.EventBookmark","5","0","Ioctl End","System.Collections.ObjectModel.ReadOnlyCollection`1[System.String]","System.Collections.Generic.List`1[System.Diagnostics.Eventing.Reader.EventProperty]"
"Ioctl Begin

ioctlCode: 0x00000d15","0","0",,"5","0","0","0","105","Microsoft-Windows-Hyper-V-VmSwitch","67dc0d66-3695-47c0-9642-33f76f7bd7ad","Microsoft-Windows-Hyper-V-VmSwitch-Operational","3740","4868","<HOST>","S-1-5-18","7/16/2024 6:08:09 AM",,,"Microsoft-Windows-Hyper-V-VmSwitch-Operational","System.UInt32[]","System.Diagnostics.Eventing.Reader.EventBookmark","5","0","Ioctl Begin","System.Collections.ObjectModel.ReadOnlyCollection`1[System.String]","System.Collections.Generic.List`1[System.Diagnostics.Eventing.Reader.EventProperty]"
"Ioctl End

ioctlCode: 0x00000d15,
delta (100 ns): 24,
ntStatus: 0x80000005","0","0",,"5","0","0","0","104","Microsoft-Windows-Hyper-V-VmSwitch","67dc0d66-3695-47c0-9642-33f76f7bd7ad","Microsoft-Windows-Hyper-V-VmSwitch-Operational","3740","4868","<HOST>","S-1-5-18","7/16/2024 6:08:09 AM",,,"Microsoft-Windows-Hyper-V-VmSwitch-Operational","System.UInt32[]","System.Diagnostics.Eventing.Reader.EventBookmark","5","0","Ioctl End","System.Collections.ObjectModel.ReadOnlyCollection`1[System.String]","System.Collections.Generic.List`1[System.Diagnostics.Eventing.Reader.EventProperty]"
"Ioctl Begin

ioctlCode: 0x00000d15","0","0",,"5","0","0","0","103","Microsoft-Windows-Hyper-V-VmSwitch","67dc0d66-3695-47c0-9642-33f76f7bd7ad","Microsoft-Windows-Hyper-V-VmSwitch-Operational","3740","4868","<HOST>","S-1-5-18","7/16/2024 6:08:09 AM",,,"Microsoft-Windows-Hyper-V-VmSwitch-Operational","System.UInt32[]","System.Diagnostics.Eventing.Reader.EventBookmark","5","0","Ioctl Begin","System.Collections.ObjectModel.ReadOnlyCollection`1[System.String]","System.Collections.Generic.List`1[System.Diagnostics.Eventing.Reader.EventProperty]"
"Ioctl End

ioctlCode: 0x0000081f,
delta (100 ns): 46,
ntStatus: 0x00000000","0","0",,"5","0","0","0","102","Microsoft-Windows-Hyper-V-VmSwitch","67dc0d66-3695-47c0-9642-33f76f7bd7ad","Microsoft-Windows-Hyper-V-VmSwitch-Operational","3740","4868","<HOST>","S-1-5-18","7/16/2024 6:08:09 AM",,,"Microsoft-Windows-Hyper-V-VmSwitch-Operational","System.UInt32[]","System.Diagnostics.Eventing.Reader.EventBookmark","5","0","Ioctl End","System.Collections.ObjectModel.ReadOnlyCollection`1[System.String]","System.Collections.Generic.List`1[System.Diagnostics.Eventing.Reader.EventProperty]"
"Ioctl Begin

ioctlCode: 0x0000081f","0","0",,"5","0","0","0","101","Microsoft-Windows-Hyper-V-VmSwitch","67dc0d66-3695-47c0-9642-33f76f7bd7ad","Microsoft-Windows-Hyper-V-VmSwitch-Operational","3740","4868","<HOST>","S-1-5-18","7/16/2024 6:08:09 AM",,,"Microsoft-Windows-Hyper-V-VmSwitch-Operational","System.UInt32[]","System.Diagnostics.Eventing.Reader.EventBookmark","5","0","Ioctl Begin","System.Collections.ObjectModel.ReadOnlyCollection`1[System.String]","System.Collections.Generic.List`1[System.Diagnostics.Eventing.Reader.EventProperty]"
"Ioctl End

ioctlCode: 0x0000081f,
delta (100 ns): 110,
ntStatus: 0x00000000","0","0",,"5","0","0","0","100","Microsoft-Windows-Hyper-V-VmSwitch","67dc0d66-3695-47c0-9642-33f76f7bd7ad","Microsoft-Windows-Hyper-V-VmSwitch-Operational","3740","4868","<HOST>","S-1-5-18","7/16/2024 6:08:09 AM",,,"Microsoft-Windows-Hyper-V-VmSwitch-Operational","System.UInt32[]","System.Diagnostics.Eventing.Reader.EventBookmark","5","0","Ioctl End","System.Collections.ObjectModel.ReadOnlyCollection`1[System.String]","System.Collections.Generic.List`1[System.Diagnostics.Eventing.Reader.EventProperty]"
"Ioctl Begin

ioctlCode: 0x0000081f","0","0",,"5","0","0","0","99","Microsoft-Windows-Hyper-V-VmSwitch","67dc0d66-3695-47c0-9642-33f76f7bd7ad","Microsoft-Windows-Hyper-V-VmSwitch-Operational","3740","4868","<HOST>","S-1-5-18","7/16/2024 6:08:09 AM",,,"Microsoft-Windows-Hyper-V-VmSwitch-Operational","System.UInt32[]","System.Diagnostics.Eventing.Reader.EventBookmark","5","0","Ioctl Begin","System.Collections.ObjectModel.ReadOnlyCollection`1[System.String]","System.Collections.Generic.List`1[System.Diagnostics.Eventing.Reader.EventProperty]"
"Ioctl End

ioctlCode: 0x00000d35,
delta (100 ns): 23,
ntStatus: 0x00000000","0","0",,"5","0","0","0","98","Microsoft-Windows-Hyper-V-VmSwitch","67dc0d66-3695-47c0-9642-33f76f7bd7ad","Microsoft-Windows-Hyper-V-VmSwitch-Operational","3740","4868","<HOST>","S-1-5-18","7/16/2024 6:08:09 AM",,,"Microsoft-Windows-Hyper-V-VmSwitch-Operational","System.UInt32[]","System.Diagnostics.Eventing.Reader.EventBookmark","5","0","Ioctl End","System.Collections.ObjectModel.ReadOnlyCollection`1[System.String]","System.Collections.Generic.List`1[System.Diagnostics.Eventing.Reader.EventProperty]"
"Ioctl Begin

ioctlCode: 0x00000d35","0","0",,"5","0","0","0","97","Microsoft-Windows-Hyper-V-VmSwitch","67dc0d66-3695-47c0-9642-33f76f7bd7ad","Microsoft-Windows-Hyper-V-VmSwitch-Operational","3740","4868","<HOST>","S-1-5-18","7/16/2024 6:08:09 AM",,,"Microsoft-Windows-Hyper-V-VmSwitch-Operational","System.UInt32[]","System.Diagnostics.Eventing.Reader.EventBookmark","5","0","Ioctl Begin","System.Collections.ObjectModel.ReadOnlyCollection`1[System.String]","System.Collections.Generic.List`1[System.Diagnostics.Eventing.Reader.EventProperty]"
"Ioctl End

ioctlCode: 0x00000d35,
delta (100 ns): 30,
ntStatus: 0x80000005","0","0",,"5","0","0","0","96","Microsoft-Windows-Hyper-V-VmSwitch","67dc0d66-3695-47c0-9642-33f76f7bd7ad","Microsoft-Windows-Hyper-V-VmSwitch-Operational","3740","4868","<HOST>","S-1-5-18","7/16/2024 6:08:09 AM",,,"Microsoft-Windows-Hyper-V-VmSwitch-Operational","System.UInt32[]","System.Diagnostics.Eventing.Reader.EventBookmark","5","0","Ioctl End","System.Collections.ObjectModel.ReadOnlyCollection`1[System.String]","System.Collections.Generic.List`1[System.Diagnostics.Eventing.Reader.EventProperty]"
"Ioctl Begin

ioctlCode: 0x00000d35","0","0",,"5","0","0","0","95","Microsoft-Windows-Hyper-V-VmSwitch","67dc0d66-3695-47c0-9642-33f76f7bd7ad","Microsoft-Windows-Hyper-V-VmSwitch-Operational","3740","4868","<HOST>","S-1-5-18","7/16/2024 6:08:09 AM",,,"Microsoft-Windows-Hyper-V-VmSwitch-Operational","System.UInt32[]","System.Diagnostics.Eventing.Reader.EventBookmark","5","0","Ioctl Begin","System.Collections.ObjectModel.ReadOnlyCollection`1[System.String]","System.Collections.Generic.List`1[System.Diagnostics.Eventing.Reader.EventProperty]"
"Ioctl End

ioctlCode: 0x0000081f,
delta (100 ns): 81,
ntStatus: 0x00000000","0","0",,"5","0","0","0","94","Microsoft-Windows-Hyper-V-VmSwitch","67dc0d66-3695-47c0-9642-33f76f7bd7ad","Microsoft-Windows-Hyper-V-VmSwitch-Operational","3740","4868","<HOST>","S-1-5-18","7/16/2024 6:08:09 AM",,,"Microsoft-Windows-Hyper-V-VmSwitch-Operational","System.UInt32[]","System.Diagnostics.Eventing.Reader.EventBookmark","5","0","Ioctl End","System.Collections.ObjectModel.ReadOnlyCollection`1[System.String]","System.Collections.Generic.List`1[System.Diagnostics.Eventing.Reader.EventProperty]"
"Ioctl Begin

ioctlCode: 0x0000081f","0","0",,"5","0","0","0","93","Microsoft-Windows-Hyper-V-VmSwitch","67dc0d66-3695-47c0-9642-33f76f7bd7ad","Microsoft-Windows-Hyper-V-VmSwitch-Operational","3740","4868","<HOST>","S-1-5-18","7/16/2024 6:08:09 AM",,,"Microsoft-Windows-Hyper-V-VmSwitch-Operational","System.UInt32[]","System.Diagnostics.Eventing.Reader.EventBookmark","5","0","Ioctl Begin","System.Collections.ObjectModel.ReadOnlyCollection`1[System.String]","System.Collections.Generic.List`1[System.Diagnostics.Eventing.Reader.EventProperty]"
"Ioctl End

ioctlCode: 0x0000081f,
delta (100 ns): 76,
ntStatus: 0x00000000","0","0",,"5","0","0","0","92","Microsoft-Windows-Hyper-V-VmSwitch","67dc0d66-3695-47c0-9642-33f76f7bd7ad","Microsoft-Windows-Hyper-V-VmSwitch-Operational","3740","4868","<HOST>","S-1-5-18","7/16/2024 6:08:09 AM",,,"Microsoft-Windows-Hyper-V-VmSwitch-Operational","System.UInt32[]","System.Diagnostics.Eventing.Reader.EventBookmark","5","0","Ioctl End","System.Collections.ObjectModel.ReadOnlyCollection`1[System.String]","System.Collections.Generic.List`1[System.Diagnostics.Eventing.Reader.EventProperty]"
"Ioctl Begin

ioctlCode: 0x0000081f","0","0",,"5","0","0","0","91","Microsoft-Windows-Hyper-V-VmSwitch","67dc0d66-3695-47c0-9642-33f76f7bd7ad","Microsoft-Windows-Hyper-V-VmSwitch-Operational","3740","4868","<HOST>","S-1-5-18","7/16/2024 6:08:09 AM",,,"Microsoft-Windows-Hyper-V-VmSwitch-Operational","System.UInt32[]","System.Diagnostics.Eventing.Reader.EventBookmark","5","0","Ioctl Begin","System.Collections.ObjectModel.ReadOnlyCollection`1[System.String]","System.Collections.Generic.List`1[System.Diagnostics.Eventing.Reader.EventProperty]"
"Ioctl End

ioctlCode: 0x00000d35,
delta (100 ns): 17,
ntStatus: 0x00000000","0","0",,"5","0","0","0","90","Microsoft-Windows-Hyper-V-VmSwitch","67dc0d66-3695-47c0-9642-33f76f7bd7ad","Microsoft-Windows-Hyper-V-VmSwitch-Operational","3740","4868","<HOST>","S-1-5-18","7/16/2024 6:08:08 AM",,,"Microsoft-Windows-Hyper-V-VmSwitch-Operational","System.UInt32[]","System.Diagnostics.Eventing.Reader.EventBookmark","5","0","Ioctl End","System.Collections.ObjectModel.ReadOnlyCollection`1[System.String]","System.Collections.Generic.List`1[System.Diagnostics.Eventing.Reader.EventProperty]"
"Ioctl Begin

ioctlCode: 0x00000d35","0","0",,"5","0","0","0","89","Microsoft-Windows-Hyper-V-VmSwitch","67dc0d66-3695-47c0-9642-33f76f7bd7ad","Microsoft-Windows-Hyper-V-VmSwitch-Operational","3740","4868","<HOST>","S-1-5-18","7/16/2024 6:08:08 AM",,,"Microsoft-Windows-Hyper-V-VmSwitch-Operational","System.UInt32[]","System.Diagnostics.Eventing.Reader.EventBookmark","5","0","Ioctl Begin","System.Collections.ObjectModel.ReadOnlyCollection`1[System.String]","System.Collections.Generic.List`1[System.Diagnostics.Eventing.Reader.EventProperty]"
"Ioctl End

ioctlCode: 0x00000d35,
delta (100 ns): 22,
ntStatus: 0x80000005","0","0",,"5","0","0","0","88","Microsoft-Windows-Hyper-V-VmSwitch","67dc0d66-3695-47c0-9642-33f76f7bd7ad","Microsoft-Windows-Hyper-V-VmSwitch-Operational","3740","4868","<HOST>","S-1-5-18","7/16/2024 6:08:08 AM",,,"Microsoft-Windows-Hyper-V-VmSwitch-Operational","System.UInt32[]","System.Diagnostics.Eventing.Reader.EventBookmark","5","0","Ioctl End","System.Collections.ObjectModel.ReadOnlyCollection`1[System.String]","System.Collections.Generic.List`1[System.Diagnostics.Eventing.Reader.EventProperty]"
"Ioctl Begin

ioctlCode: 0x00000d35","0","0",,"5","0","0","0","87","Microsoft-Windows-Hyper-V-VmSwitch","67dc0d66-3695-47c0-9642-33f76f7bd7ad","Microsoft-Windows-Hyper-V-VmSwitch-Operational","3740","4868","<HOST>","S-1-5-18","7/16/2024 6:08:08 AM",,,"Microsoft-Windows-Hyper-V-VmSwitch-Operational","System.UInt32[]","System.Diagnostics.Eventing.Reader.EventBookmark","5","0","Ioctl Begin","System.Collections.ObjectModel.ReadOnlyCollection`1[System.String]","System.Collections.Generic.List`1[System.Diagnostics.Eventing.Reader.EventProperty]"
"Ioctl End

ioctlCode: 0x0000081f,
delta (100 ns): 23,
ntStatus: 0x00000000","0","0",,"5","0","0","0","86","Microsoft-Windows-Hyper-V-VmSwitch","67dc0d66-3695-47c0-9642-33f76f7bd7ad","Microsoft-Windows-Hyper-V-VmSwitch-Operational","3740","4868","<HOST>","S-1-5-18","7/16/2024 6:08:08 AM",,,"Microsoft-Windows-Hyper-V-VmSwitch-Operational","System.UInt32[]","System.Diagnostics.Eventing.Reader.EventBookmark","5","0","Ioctl End","System.Collections.ObjectModel.ReadOnlyCollection`1[System.String]","System.Collections.Generic.List`1[System.Diagnostics.Eventing.Reader.EventProperty]"
"Ioctl Begin

ioctlCode: 0x0000081f","0","0",,"5","0","0","0","85","Microsoft-Windows-Hyper-V-VmSwitch","67dc0d66-3695-47c0-9642-33f76f7bd7ad","Microsoft-Windows-Hyper-V-VmSwitch-Operational","3740","4868","<HOST>","S-1-5-18","7/16/2024 6:08:08 AM",,,"Microsoft-Windows-Hyper-V-VmSwitch-Operational","System.UInt32[]","System.Diagnostics.Eventing.Reader.EventBookmark","5","0","Ioctl Begin","System.Collections.ObjectModel.ReadOnlyCollection`1[System.String]","System.Collections.Generic.List`1[System.Diagnostics.Eventing.Reader.EventProperty]"
"Ioctl End

ioctlCode: 0x0000081f,
delta (100 ns): 48,
ntStatus: 0x00000000","0","0",,"5","0","0","0","84","Microsoft-Windows-Hyper-V-VmSwitch","67dc0d66-3695-47c0-9642-33f76f7bd7ad","Microsoft-Windows-Hyper-V-VmSwitch-Operational","3740","4868","<HOST>","S-1-5-18","7/16/2024 6:08:08 AM",,,"Microsoft-Windows-Hyper-V-VmSwitch-Operational","System.UInt32[]","System.Diagnostics.Eventing.Reader.EventBookmark","5","0","Ioctl End","System.Collections.ObjectModel.ReadOnlyCollection`1[System.String]","System.Collections.Generic.List`1[System.Diagnostics.Eventing.Reader.EventProperty]"
"Ioctl Begin

ioctlCode: 0x0000081f","0","0",,"5","0","0","0","83","Microsoft-Windows-Hyper-V-VmSwitch","67dc0d66-3695-47c0-9642-33f76f7bd7ad","Microsoft-Windows-Hyper-V-VmSwitch-Operational","3740","4868","<HOST>","S-1-5-18","7/16/2024 6:08:08 AM",,,"Microsoft-Windows-Hyper-V-VmSwitch-Operational","System.UInt32[]","System.Diagnostics.Eventing.Reader.EventBookmark","5","0","Ioctl Begin","System.Collections.ObjectModel.ReadOnlyCollection`1[System.String]","System.Collections.Generic.List`1[System.Diagnostics.Eventing.Reader.EventProperty]"
"Ioctl End

ioctlCode: 0x00000d12,
delta (100 ns): 298,
ntStatus: 0xc0000034","0","0",,"5","0","0","0","82","Microsoft-Windows-Hyper-V-VmSwitch","67dc0d66-3695-47c0-9642-33f76f7bd7ad","Microsoft-Windows-Hyper-V-VmSwitch-Operational","3740","4868","<HOST>","S-1-5-18","7/16/2024 6:08:08 AM",,,"Microsoft-Windows-Hyper-V-VmSwitch-Operational","System.UInt32[]","System.Diagnostics.Eventing.Reader.EventBookmark","5","0","Ioctl End","System.Collections.ObjectModel.ReadOnlyCollection`1[System.String]","System.Collections.Generic.List`1[System.Diagnostics.Eventing.Reader.EventProperty]"
"Ioctl Begin

ioctlCode: 0x00000d12","0","0",,"5","0","0","0","81","Microsoft-Windows-Hyper-V-VmSwitch","67dc0d66-3695-47c0-9642-33f76f7bd7ad","Microsoft-Windows-Hyper-V-VmSwitch-Operational","3740","4868","<HOST>","S-1-5-18","7/16/2024 6:08:08 AM",,,"Microsoft-Windows-Hyper-V-VmSwitch-Operational","System.UInt32[]","System.Diagnostics.Eventing.Reader.EventBookmark","5","0","Ioctl Begin","System.Collections.ObjectModel.ReadOnlyCollection`1[System.String]","System.Collections.Generic.List`1[System.Diagnostics.Eventing.Reader.EventProperty]"
"Ioctl End

ioctlCode: 0x00000d12,
delta (100 ns): 137,
ntStatus: 0x80000005","0","0",,"5","0","0","0","80","Microsoft-Windows-Hyper-V-VmSwitch","67dc0d66-3695-47c0-9642-33f76f7bd7ad","Microsoft-Windows-Hyper-V-VmSwitch-Operational","3740","4868","<HOST>","S-1-5-18","7/16/2024 6:08:08 AM",,,"Microsoft-Windows-Hyper-V-VmSwitch-Operational","System.UInt32[]","System.Diagnostics.Eventing.Reader.EventBookmark","5","0","Ioctl End","System.Collections.ObjectModel.ReadOnlyCollection`1[System.String]","System.Collections.Generic.List`1[System.Diagnostics.Eventing.Reader.EventProperty]"
"Ioctl Begin

ioctlCode: 0x00000d12","0","0",,"5","0","0","0","79","Microsoft-Windows-Hyper-V-VmSwitch","67dc0d66-3695-47c0-9642-33f76f7bd7ad","Microsoft-Windows-Hyper-V-VmSwitch-Operational","3740","4868","<HOST>","S-1-5-18","7/16/2024 6:08:08 AM",,,"Microsoft-Windows-Hyper-V-VmSwitch-Operational","System.UInt32[]","System.Diagnostics.Eventing.Reader.EventBookmark","5","0","Ioctl Begin","System.Collections.ObjectModel.ReadOnlyCollection`1[System.String]","System.Collections.Generic.List`1[System.Diagnostics.Eventing.Reader.EventProperty]"
"Ioctl End

ioctlCode: 0x0000081f,
delta (100 ns): 75,
ntStatus: 0x00000000","0","0",,"5","0","0","0","78","Microsoft-Windows-Hyper-V-VmSwitch","67dc0d66-3695-47c0-9642-33f76f7bd7ad","Microsoft-Windows-Hyper-V-VmSwitch-Operational","3740","4868","<HOST>","S-1-5-18","7/16/2024 6:08:08 AM",,,"Microsoft-Windows-Hyper-V-VmSwitch-Operational","System.UInt32[]","System.Diagnostics.Eventing.Reader.EventBookmark","5","0","Ioctl End","System.Collections.ObjectModel.ReadOnlyCollection`1[System.String]","System.Collections.Generic.List`1[System.Diagnostics.Eventing.Reader.EventProperty]"
"Ioctl Begin

ioctlCode: 0x0000081f","0","0",,"5","0","0","0","77","Microsoft-Windows-Hyper-V-VmSwitch","67dc0d66-3695-47c0-9642-33f76f7bd7ad","Microsoft-Windows-Hyper-V-VmSwitch-Operational","3740","4868","<HOST>","S-1-5-18","7/16/2024 6:08:08 AM",,,"Microsoft-Windows-Hyper-V-VmSwitch-Operational","System.UInt32[]","System.Diagnostics.Eventing.Reader.EventBookmark","5","0","Ioctl Begin","System.Collections.ObjectModel.ReadOnlyCollection`1[System.String]","System.Collections.Generic.List`1[System.Diagnostics.Eventing.Reader.EventProperty]"
"Ioctl End

ioctlCode: 0x0000081f,
delta (100 ns): 81,
ntStatus: 0x00000000","0","0",,"5","0","0","0","76","Microsoft-Windows-Hyper-V-VmSwitch","67dc0d66-3695-47c0-9642-33f76f7bd7ad","Microsoft-Windows-Hyper-V-VmSwitch-Operational","4892","4936","<HOST>","S-1-5-18","7/16/2024 6:08:08 AM",,,"Microsoft-Windows-Hyper-V-VmSwitch-Operational","System.UInt32[]","System.Diagnostics.Eventing.Reader.EventBookmark","5","0","Ioctl End","System.Collections.ObjectModel.ReadOnlyCollection`1[System.String]","System.Collections.Generic.List`1[System.Diagnostics.Eventing.Reader.EventProperty]"
"Ioctl Begin

ioctlCode: 0x0000081f","0","0",,"5","0","0","0","75","Microsoft-Windows-Hyper-V-VmSwitch","67dc0d66-3695-47c0-9642-33f76f7bd7ad","Microsoft-Windows-Hyper-V-VmSwitch-Operational","4892","4936","<HOST>","S-1-5-18","7/16/2024 6:08:08 AM",,,"Microsoft-Windows-Hyper-V-VmSwitch-Operational","System.UInt32[]","System.Diagnostics.Eventing.Reader.EventBookmark","5","0","Ioctl Begin","System.Collections.ObjectModel.ReadOnlyCollection`1[System.String]","System.Collections.Generic.List`1[System.Diagnostics.Eventing.Reader.EventProperty]"
"Ioctl End

ioctlCode: 0x00000d15,
delta (100 ns): 27,
ntStatus: 0x00000000","0","0",,"5","0","0","0","74","Microsoft-Windows-Hyper-V-VmSwitch","67dc0d66-3695-47c0-9642-33f76f7bd7ad","Microsoft-Windows-Hyper-V-VmSwitch-Operational","3740","3856","<HOST>","S-1-5-18","7/16/2024 6:08:08 AM",,,"Microsoft-Windows-Hyper-V-VmSwitch-Operational","System.UInt32[]","System.Diagnostics.Eventing.Reader.EventBookmark","5","0","Ioctl End","System.Collections.ObjectModel.ReadOnlyCollection`1[System.String]","System.Collections.Generic.List`1[System.Diagnostics.Eventing.Reader.EventProperty]"
"Ioctl Begin

ioctlCode: 0x00000d15","0","0",,"5","0","0","0","73","Microsoft-Windows-Hyper-V-VmSwitch","67dc0d66-3695-47c0-9642-33f76f7bd7ad","Microsoft-Windows-Hyper-V-VmSwitch-Operational","3740","3856","<HOST>","S-1-5-18","7/16/2024 6:08:08 AM",,,"Microsoft-Windows-Hyper-V-VmSwitch-Operational","System.UInt32[]","System.Diagnostics.Eventing.Reader.EventBookmark","5","0","Ioctl Begin","System.Collections.ObjectModel.ReadOnlyCollection`1[System.String]","System.Collections.Generic.List`1[System.Diagnostics.Eventing.Reader.EventProperty]"
"Ioctl End

ioctlCode: 0x00000d15,
delta (100 ns): 26,
ntStatus: 0x80000005","0","0",,"5","0","0","0","72","Microsoft-Windows-Hyper-V-VmSwitch","67dc0d66-3695-47c0-9642-33f76f7bd7ad","Microsoft-Windows-Hyper-V-VmSwitch-Operational","3740","3856","<HOST>","S-1-5-18","7/16/2024 6:08:08 AM",,,"Microsoft-Windows-Hyper-V-VmSwitch-Operational","System.UInt32[]","System.Diagnostics.Eventing.Reader.EventBookmark","5","0","Ioctl End","System.Collections.ObjectModel.ReadOnlyCollection`1[System.String]","System.Collections.Generic.List`1[System.Diagnostics.Eventing.Reader.EventProperty]"
"Ioctl Begin

ioctlCode: 0x00000d15","0","0",,"5","0","0","0","71","Microsoft-Windows-Hyper-V-VmSwitch","67dc0d66-3695-47c0-9642-33f76f7bd7ad","Microsoft-Windows-Hyper-V-VmSwitch-Operational","3740","3856","<HOST>","S-1-5-18","7/16/2024 6:08:08 AM",,,"Microsoft-Windows-Hyper-V-VmSwitch-Operational","System.UInt32[]","System.Diagnostics.Eventing.Reader.EventBookmark","5","0","Ioctl Begin","System.Collections.ObjectModel.ReadOnlyCollection`1[System.String]","System.Collections.Generic.List`1[System.Diagnostics.Eventing.Reader.EventProperty]"
"Ioctl End

ioctlCode: 0x0000081f,
delta (100 ns): 34,
ntStatus: 0x00000000","0","0",,"5","0","0","0","70","Microsoft-Windows-Hyper-V-VmSwitch","67dc0d66-3695-47c0-9642-33f76f7bd7ad","Microsoft-Windows-Hyper-V-VmSwitch-Operational","3740","3856","<HOST>","S-1-5-18","7/16/2024 6:08:08 AM",,,"Microsoft-Windows-Hyper-V-VmSwitch-Operational","System.UInt32[]","System.Diagnostics.Eventing.Reader.EventBookmark","5","0","Ioctl End","System.Collections.ObjectModel.ReadOnlyCollection`1[System.String]","System.Collections.Generic.List`1[System.Diagnostics.Eventing.Reader.EventProperty]"
"Ioctl Begin

ioctlCode: 0x0000081f","0","0",,"5","0","0","0","69","Microsoft-Windows-Hyper-V-VmSwitch","67dc0d66-3695-47c0-9642-33f76f7bd7ad","Microsoft-Windows-Hyper-V-VmSwitch-Operational","3740","3856","<HOST>","S-1-5-18","7/16/2024 6:08:08 AM",,,"Microsoft-Windows-Hyper-V-VmSwitch-Operational","System.UInt32[]","System.Diagnostics.Eventing.Reader.EventBookmark","5","0","Ioctl Begin","System.Collections.ObjectModel.ReadOnlyCollection`1[System.String]","System.Collections.Generic.List`1[System.Diagnostics.Eventing.Reader.EventProperty]"
"Ioctl End

ioctlCode: 0x00000d35,
delta (100 ns): 26,
ntStatus: 0x00000000","0","0",,"5","0","0","0","68","Microsoft-Windows-Hyper-V-VmSwitch","67dc0d66-3695-47c0-9642-33f76f7bd7ad","Microsoft-Windows-Hyper-V-VmSwitch-Operational","3740","3856","<HOST>","S-1-5-18","7/16/2024 6:08:08 AM",,,"Microsoft-Windows-Hyper-V-VmSwitch-Operational","System.UInt32[]","System.Diagnostics.Eventing.Reader.EventBookmark","5","0","Ioctl End","System.Collections.ObjectModel.ReadOnlyCollection`1[System.String]","System.Collections.Generic.List`1[System.Diagnostics.Eventing.Reader.EventProperty]"
"Ioctl Begin

ioctlCode: 0x00000d35","0","0",,"5","0","0","0","67","Microsoft-Windows-Hyper-V-VmSwitch","67dc0d66-3695-47c0-9642-33f76f7bd7ad","Microsoft-Windows-Hyper-V-VmSwitch-Operational","3740","3856","<HOST>","S-1-5-18","7/16/2024 6:08:08 AM",,,"Microsoft-Windows-Hyper-V-VmSwitch-Operational","System.UInt32[]","System.Diagnostics.Eventing.Reader.EventBookmark","5","0","Ioctl Begin","System.Collections.ObjectModel.ReadOnlyCollection`1[System.String]","System.Collections.Generic.List`1[System.Diagnostics.Eventing.Reader.EventProperty]"
"Ioctl End

ioctlCode: 0x00000d35,
delta (100 ns): 36,
ntStatus: 0x80000005","0","0",,"5","0","0","0","66","Microsoft-Windows-Hyper-V-VmSwitch","67dc0d66-3695-47c0-9642-33f76f7bd7ad","Microsoft-Windows-Hyper-V-VmSwitch-Operational","3740","3856","<HOST>","S-1-5-18","7/16/2024 6:08:08 AM",,,"Microsoft-Windows-Hyper-V-VmSwitch-Operational","System.UInt32[]","System.Diagnostics.Eventing.Reader.EventBookmark","5","0","Ioctl End","System.Collections.ObjectModel.ReadOnlyCollection`1[System.String]","System.Collections.Generic.List`1[System.Diagnostics.Eventing.Reader.EventProperty]"
"Ioctl Begin

ioctlCode: 0x00000d35","0","0",,"5","0","0","0","65","Microsoft-Windows-Hyper-V-VmSwitch","67dc0d66-3695-47c0-9642-33f76f7bd7ad","Microsoft-Windows-Hyper-V-VmSwitch-Operational","3740","3856","<HOST>","S-1-5-18","7/16/2024 6:08:08 AM",,,"Microsoft-Windows-Hyper-V-VmSwitch-Operational","System.UInt32[]","System.Diagnostics.Eventing.Reader.EventBookmark","5","0","Ioctl Begin","System.Collections.ObjectModel.ReadOnlyCollection`1[System.String]","System.Collections.Generic.List`1[System.Diagnostics.Eventing.Reader.EventProperty]"
"Ioctl End

ioctlCode: 0x0000081f,
delta (100 ns): 84,
ntStatus: 0x00000000","0","0",,"5","0","0","0","64","Microsoft-Windows-Hyper-V-VmSwitch","67dc0d66-3695-47c0-9642-33f76f7bd7ad","Microsoft-Windows-Hyper-V-VmSwitch-Operational","3740","3856","<HOST>","S-1-5-18","7/16/2024 6:08:08 AM",,,"Microsoft-Windows-Hyper-V-VmSwitch-Operational","System.UInt32[]","System.Diagnostics.Eventing.Reader.EventBookmark","5","0","Ioctl End","System.Collections.ObjectModel.ReadOnlyCollection`1[System.String]","System.Collections.Generic.List`1[System.Diagnostics.Eventing.Reader.EventProperty]"
"Ioctl Begin

ioctlCode: 0x0000081f","0","0",,"5","0","0","0","63","Microsoft-Windows-Hyper-V-VmSwitch","67dc0d66-3695-47c0-9642-33f76f7bd7ad","Microsoft-Windows-Hyper-V-VmSwitch-Operational","3740","3856","<HOST>","S-1-5-18","7/16/2024 6:08:08 AM",,,"Microsoft-Windows-Hyper-V-VmSwitch-Operational","System.UInt32[]","System.Diagnostics.Eventing.Reader.EventBookmark","5","0","Ioctl Begin","System.Collections.ObjectModel.ReadOnlyCollection`1[System.String]","System.Collections.Generic.List`1[System.Diagnostics.Eventing.Reader.EventProperty]"
"VmSwitch Driver state

State: ""Installed and Started."",
Function: ""DriverEntry"",
DriverObject: 0xffffb48bfe36db60,
delta (100 ns): 17125,
Status: 0x00000000","0","0",,"4","0","0","0","62","Microsoft-Windows-Hyper-V-VmSwitch","67dc0d66-3695-47c0-9642-33f76f7bd7ad","Microsoft-Windows-Hyper-V-VmSwitch-Operational","4","316","<HOST>","S-1-5-18","7/16/2024 6:08:08 AM",,,"Microsoft-Windows-Hyper-V-VmSwitch-Operational","System.UInt32[]","System.Diagnostics.Eventing.Reader.EventBookmark","4","0","VmSwitch Driver state","System.Collections.ObjectModel.ReadOnlyCollection`1[System.String]","System.Collections.Generic.List`1[System.Diagnostics.Eventing.Reader.EventProperty]"
"ExtProtocol NetPnpEvent End

netPnpEvent: ""NetEventBindsComplete"",
switchName: """",
switchFriendlyName: """",
delta (100 ns): 66,
Status: 0x00000000","0","0",,"4","0","0","0","61","Microsoft-Windows-Hyper-V-VmSwitch","67dc0d66-3695-47c0-9642-33f76f7bd7ad","Microsoft-Windows-Hyper-V-VmSwitch-Operational","4","1296","<HOST>","S-1-5-18","7/16/2024 6:08:08 AM",,,"Microsoft-Windows-Hyper-V-VmSwitch-Operational","System.UInt32[]","System.Diagnostics.Eventing.Reader.EventBookmark","4","0","ExtProtocol NetPnpEvent End","System.Collections.ObjectModel.ReadOnlyCollection`1[System.String]","System.Collections.Generic.List`1[System.Diagnostics.Eventing.Reader.EventProperty]"
"ExtProtocol NetPnpEvent Begin

netPnpEvent: ""NetEventBindsComplete"",
switchName: """",
switchFriendlyName: """"","0","0",,"4","0","0","0","60","Microsoft-Windows-Hyper-V-VmSwitch","67dc0d66-3695-47c0-9642-33f76f7bd7ad","Microsoft-Windows-Hyper-V-VmSwitch-Operational","4","1296","<HOST>","S-1-5-18","7/16/2024 6:08:08 AM",,,"Microsoft-Windows-Hyper-V-VmSwitch-Operational","System.UInt32[]","System.Diagnostics.Eventing.Reader.EventBookmark","4","0","ExtProtocol NetPnpEvent Begin","System.Collections.ObjectModel.ReadOnlyCollection`1[System.String]","System.Collections.Generic.List`1[System.Diagnostics.Eventing.Reader.EventProperty]"
"ProtocolNic NetPnpEvent End

netPnpEvent: ""NetEventBindsComplete"",
nicName: """",
nicFriendlyName: """",
switchName: """",
switchFriendlyName: """",
delta (100 ns): 45,
Status: 0x00000000","0","0",,"4","0","0","0","59","Microsoft-Windows-Hyper-V-VmSwitch","67dc0d66-3695-47c0-9642-33f76f7bd7ad","Microsoft-Windows-Hyper-V-VmSwitch-Operational","4","328","<HOST>","S-1-5-18","7/16/2024 6:08:08 AM",,,"Microsoft-Windows-Hyper-V-VmSwitch-Operational","System.UInt32[]","System.Diagnostics.Eventing.Reader.EventBookmark","4","0","ProtocolNic NetPnpEvent End","System.Collections.ObjectModel.ReadOnlyCollection`1[System.String]","System.Collections.Generic.List`1[System.Diagnostics.Eventing.Reader.EventProperty]"
"ProtocolNic NetPnpEvent Begin

netPnpEvent: ""NetEventBindsComplete"",
nicName: """",
nicFriendlyName: """",
switchName: """",
switchFriendlyName: """"","0","0",,"4","0","0","0","58","Microsoft-Windows-Hyper-V-VmSwitch","67dc0d66-3695-47c0-9642-33f76f7bd7ad","Microsoft-Windows-Hyper-V-VmSwitch-Operational","4","328","<HOST>","S-1-5-18","7/16/2024 6:08:08 AM",,,"Microsoft-Windows-Hyper-V-VmSwitch-Operational","System.UInt32[]","System.Diagnostics.Eventing.Reader.EventBookmark","4","0","ProtocolNic NetPnpEvent Begin","System.Collections.ObjectModel.ReadOnlyCollection`1[System.String]","System.Collections.Generic.List`1[System.Diagnostics.Eventing.Reader.EventProperty]"
"VmSwitch Driver state

State: ""Started Loading"",
Function: ""DriverEntry"",
DriverObject: 0xffffb48bfe36db60","0","0",,"4","0","0","0","57","Microsoft-Windows-Hyper-V-VmSwitch","67dc0d66-3695-47c0-9642-33f76f7bd7ad","Microsoft-Windows-Hyper-V-VmSwitch-Operational","4","316","<HOST>","S-1-5-18","7/16/2024 6:08:08 AM",,,"Microsoft-Windows-Hyper-V-VmSwitch-Operational","System.UInt32[]","System.Diagnostics.Eventing.Reader.EventBookmark","4","0","VmSwitch Driver state","System.Collections.ObjectModel.ReadOnlyCollection`1[System.String]","System.Collections.Generic.List`1[System.Diagnostics.Eventing.Reader.EventProperty]"
"The dynamic memory driver successfully negotiated the protocol version 2.0.","102","0",,"4","0","0","576460752303423488","72","Microsoft-Windows-Hyper-V-Guest-Drivers-Dynamic-Memory","ba2ffb5c-e20a-4fb9-91b4-45f61b4b66a0","Microsoft-Windows-Hyper-V-Guest-Drivers/Admin","4","1384","<HOST>","S-1-5-18","7/16/2024 6:07:43 AM",,,"Microsoft-Windows-Hyper-V-Guest-Drivers/Admin","System.UInt32[]","System.Diagnostics.Eventing.Reader.EventBookmark","Information","Info",,"System.Collections.ObjectModel.ReadOnlyCollection`1[System.String]","System.Collections.Generic.List`1[System.Diagnostics.Eventing.Reader.EventProperty]"
"The following dynamic memory capability was exchanged - Highest hot add page: 0x1FFFFFFF, Min page count: 0, IsHighestPageDetermined: false, Supports hot add: true, Supports hot remove: true, Supports Contiguous Allocations: true, Supports Fast Contiguous Allocations: true.","101","0",,"4","0","0","576460752303423488","71","Microsoft-Windows-Hyper-V-Guest-Drivers-Dynamic-Memory","ba2ffb5c-e20a-4fb9-91b4-45f61b4b66a0","Microsoft-Windows-Hyper-V-Guest-Drivers/Admin","4","1300","<HOST>","S-1-5-18","7/16/2024 6:07:36 AM",,,"Microsoft-Windows-Hyper-V-Guest-Drivers/Admin","System.UInt32[]","System.Diagnostics.Eventing.Reader.EventBookmark","Information","Info",,"System.Collections.ObjectModel.ReadOnlyCollection`1[System.String]","System.Collections.Generic.List`1[System.Diagnostics.Eventing.Reader.EventProperty]"
"Hypervisor initial page allocation NUMA policy: NUMA distribution disabled","156","1",,"4","0","0","4611686018427387904","2","Microsoft-Windows-Hyper-V-Hypervisor","52fc89f8-995e-434c-a91e-199986449890","Microsoft-Windows-Hyper-V-Hypervisor-Admin","4","8","<HOST>","S-1-5-18","7/16/2024 6:07:31 AM",,,"Microsoft-Windows-Hyper-V-Hypervisor-Admin","System.UInt32[]","System.Diagnostics.Eventing.Reader.EventBookmark","Information","Info",,"System.Collections.ObjectModel.ReadOnlyCollection`1[System.String]","System.Collections.Generic.List`1[System.Diagnostics.Eventing.Reader.EventProperty]"
"[5CE42F8A-022D-4DB4-9F23-86A96DDA2173] Create compute system, result 0x80370102","2000","0",,"4","0","0","4611686018427387904","4","Microsoft-Windows-Hyper-V-Compute","17103e3f-3c6e-4677-bb17-3b267eb5be57","Microsoft-Windows-Hyper-V-Compute-Operational","18764","12592","<HOST>","S-1-5-18","7/15/2024 4:04:35 PM",,,"Microsoft-Windows-Hyper-V-Compute-Operational","System.UInt32[]","System.Diagnostics.Eventing.Reader.EventBookmark","Information","Info",,"System.Collections.ObjectModel.ReadOnlyCollection`1[System.String]","System.Collections.Generic.List`1[System.Diagnostics.Eventing.Reader.EventProperty]"
"[5CE42F8A-022D-4DB4-9F23-86A96DDA2173] Queue system notification: 1 / 0x80004005","2009","0",,"4","0","0","4611686018427387904","3","Microsoft-Windows-Hyper-V-Compute","17103e3f-3c6e-4677-bb17-3b267eb5be57","Microsoft-Windows-Hyper-V-Compute-Operational","18764","12592","<HOST>","S-1-5-18","7/15/2024 4:04:35 PM",,,"Microsoft-Windows-Hyper-V-Compute-Operational","System.UInt32[]","System.Diagnostics.Eventing.Reader.EventBookmark","Information","Info",,"System.Collections.ObjectModel.ReadOnlyCollection`1[System.String]","System.Collections.Generic.List`1[System.Diagnostics.Eventing.Reader.EventProperty]"
"Cannot create system '5CE42F8A-022D-4DB4-9F23-86A96DDA2173' since Hyper-V is not installed on the host.","11008","0",,"2","0","0","-9223372036854775808","2","Microsoft-Windows-Hyper-V-Compute","17103e3f-3c6e-4677-bb17-3b267eb5be57","Microsoft-Windows-Hyper-V-Compute-Admin","18764","12592","<HOST>","S-1-5-18","7/15/2024 4:04:29 PM",,,"Microsoft-Windows-Hyper-V-Compute-Admin","System.UInt32[]","System.Diagnostics.Eventing.Reader.EventBookmark","Error","Info",,"System.Collections.ObjectModel.ReadOnlyCollection`1[System.String]","System.Collections.Generic.List`1[System.Diagnostics.Eventing.Reader.EventProperty]"
"[5CE42F8A-022D-4DB4-9F23-86A96DDA2173] Create Virtual Machine","2014","0",,"4","0","0","4611686018427387904","2","Microsoft-Windows-Hyper-V-Compute","17103e3f-3c6e-4677-bb17-3b267eb5be57","Microsoft-Windows-Hyper-V-Compute-Operational","18764","12592","<HOST>","S-1-5-18","7/15/2024 4:04:29 PM",,,"Microsoft-Windows-Hyper-V-Compute-Operational","System.UInt32[]","System.Diagnostics.Eventing.Reader.EventBookmark","Information","Info",,"System.Collections.ObjectModel.ReadOnlyCollection`1[System.String]","System.Collections.Generic.List`1[System.Diagnostics.Eventing.Reader.EventProperty]"
"The Host Compute Service started successfully.","1001","0",,"4","0","0","-9223372036854775808","1","Microsoft-Windows-Hyper-V-Compute","17103e3f-3c6e-4677-bb17-3b267eb5be57","Microsoft-Windows-Hyper-V-Compute-Admin","18764","4892","<HOST>","S-1-5-18","7/15/2024 4:04:29 PM",,,"Microsoft-Windows-Hyper-V-Compute-Admin","System.UInt32[]","System.Diagnostics.Eventing.Reader.EventBookmark","Information","Info",,"System.Collections.ObjectModel.ReadOnlyCollection`1[System.String]","System.Collections.Generic.List`1[System.Diagnostics.Eventing.Reader.EventProperty]"
"The Host Compute Service is starting.","1000","0",,"4","0","0","4611686018427387904","1","Microsoft-Windows-Hyper-V-Compute","17103e3f-3c6e-4677-bb17-3b267eb5be57","Microsoft-Windows-Hyper-V-Compute-Operational","18764","4892","<HOST>","S-1-5-18","7/15/2024 4:04:29 PM",,,"Microsoft-Windows-Hyper-V-Compute-Operational","System.UInt32[]","System.Diagnostics.Eventing.Reader.EventBookmark","Information","Info",,"System.Collections.ObjectModel.ReadOnlyCollection`1[System.String]","System.Collections.Generic.List`1[System.Diagnostics.Eventing.Reader.EventProperty]"
"Ioctl End

ioctlCode: 0x0000081f,
delta (100 ns): 81,
ntStatus: 0x00000000","0","0",,"5","0","0","0","56","Microsoft-Windows-Hyper-V-VmSwitch","67dc0d66-3695-47c0-9642-33f76f7bd7ad","Microsoft-Windows-Hyper-V-VmSwitch-Operational","18764","10884","<HOST>","S-1-5-18","7/15/2024 4:04:29 PM",,,"Microsoft-Windows-Hyper-V-VmSwitch-Operational","System.UInt32[]","System.Diagnostics.Eventing.Reader.EventBookmark","5","0","Ioctl End","System.Collections.ObjectModel.ReadOnlyCollection`1[System.String]","System.Collections.Generic.List`1[System.Diagnostics.Eventing.Reader.EventProperty]"
"Ioctl Begin

ioctlCode: 0x0000081f","0","0",,"5","0","0","0","55","Microsoft-Windows-Hyper-V-VmSwitch","67dc0d66-3695-47c0-9642-33f76f7bd7ad","Microsoft-Windows-Hyper-V-VmSwitch-Operational","18764","10884","<HOST>","S-1-5-18","7/15/2024 4:04:29 PM",,,"Microsoft-Windows-Hyper-V-VmSwitch-Operational","System.UInt32[]","System.Diagnostics.Eventing.Reader.EventBookmark","5","0","Ioctl Begin","System.Collections.ObjectModel.ReadOnlyCollection`1[System.String]","System.Collections.Generic.List`1[System.Diagnostics.Eventing.Reader.EventProperty]"
"Ioctl End

ioctlCode: 0x00000d15,
delta (100 ns): 22,
ntStatus: 0x00000000","0","0",,"5","0","0","0","54","Microsoft-Windows-Hyper-V-VmSwitch","67dc0d66-3695-47c0-9642-33f76f7bd7ad","Microsoft-Windows-Hyper-V-VmSwitch-Operational","13940","7232","<HOST>","S-1-5-18","7/15/2024 4:04:06 PM",,,"Microsoft-Windows-Hyper-V-VmSwitch-Operational","System.UInt32[]","System.Diagnostics.Eventing.Reader.EventBookmark","5","0","Ioctl End","System.Collections.ObjectModel.ReadOnlyCollection`1[System.String]","System.Collections.Generic.List`1[System.Diagnostics.Eventing.Reader.EventProperty]"
"Ioctl Begin

ioctlCode: 0x00000d15","0","0",,"5","0","0","0","53","Microsoft-Windows-Hyper-V-VmSwitch","67dc0d66-3695-47c0-9642-33f76f7bd7ad","Microsoft-Windows-Hyper-V-VmSwitch-Operational","13940","7232","<HOST>","S-1-5-18","7/15/2024 4:04:06 PM",,,"Microsoft-Windows-Hyper-V-VmSwitch-Operational","System.UInt32[]","System.Diagnostics.Eventing.Reader.EventBookmark","5","0","Ioctl Begin","System.Collections.ObjectModel.ReadOnlyCollection`1[System.String]","System.Collections.Generic.List`1[System.Diagnostics.Eventing.Reader.EventProperty]"
"Ioctl End

ioctlCode: 0x00000d15,
delta (100 ns): 24,
ntStatus: 0x80000005","0","0",,"5","0","0","0","52","Microsoft-Windows-Hyper-V-VmSwitch","67dc0d66-3695-47c0-9642-33f76f7bd7ad","Microsoft-Windows-Hyper-V-VmSwitch-Operational","13940","7232","<HOST>","S-1-5-18","7/15/2024 4:04:06 PM",,,"Microsoft-Windows-Hyper-V-VmSwitch-Operational","System.UInt32[]","System.Diagnostics.Eventing.Reader.EventBookmark","5","0","Ioctl End","System.Collections.ObjectModel.ReadOnlyCollection`1[System.String]","System.Collections.Generic.List`1[System.Diagnostics.Eventing.Reader.EventProperty]"
"Ioctl Begin

ioctlCode: 0x00000d15","0","0",,"5","0","0","0","51","Microsoft-Windows-Hyper-V-VmSwitch","67dc0d66-3695-47c0-9642-33f76f7bd7ad","Microsoft-Windows-Hyper-V-VmSwitch-Operational","13940","7232","<HOST>","S-1-5-18","7/15/2024 4:04:06 PM",,,"Microsoft-Windows-Hyper-V-VmSwitch-Operational","System.UInt32[]","System.Diagnostics.Eventing.Reader.EventBookmark","5","0","Ioctl Begin","System.Collections.ObjectModel.ReadOnlyCollection`1[System.String]","System.Collections.Generic.List`1[System.Diagnostics.Eventing.Reader.EventProperty]"
"Ioctl End

ioctlCode: 0x0000081f,
delta (100 ns): 21,
ntStatus: 0x00000000","0","0",,"5","0","0","0","50","Microsoft-Windows-Hyper-V-VmSwitch","67dc0d66-3695-47c0-9642-33f76f7bd7ad","Microsoft-Windows-Hyper-V-VmSwitch-Operational","13940","7232","<HOST>","S-1-5-18","7/15/2024 4:04:06 PM",,,"Microsoft-Windows-Hyper-V-VmSwitch-Operational","System.UInt32[]","System.Diagnostics.Eventing.Reader.EventBookmark","5","0","Ioctl End","System.Collections.ObjectModel.ReadOnlyCollection`1[System.String]","System.Collections.Generic.List`1[System.Diagnostics.Eventing.Reader.EventProperty]"
"Ioctl Begin

ioctlCode: 0x0000081f","0","0",,"5","0","0","0","49","Microsoft-Windows-Hyper-V-VmSwitch","67dc0d66-3695-47c0-9642-33f76f7bd7ad","Microsoft-Windows-Hyper-V-VmSwitch-Operational","13940","7232","<HOST>","S-1-5-18","7/15/2024 4:04:06 PM",,,"Microsoft-Windows-Hyper-V-VmSwitch-Operational","System.UInt32[]","System.Diagnostics.Eventing.Reader.EventBookmark","5","0","Ioctl Begin","System.Collections.ObjectModel.ReadOnlyCollection`1[System.String]","System.Collections.Generic.List`1[System.Diagnostics.Eventing.Reader.EventProperty]"
"Ioctl End

ioctlCode: 0x0000081f,
delta (100 ns): 91,
ntStatus: 0x00000000","0","0",,"5","0","0","0","48","Microsoft-Windows-Hyper-V-VmSwitch","67dc0d66-3695-47c0-9642-33f76f7bd7ad","Microsoft-Windows-Hyper-V-VmSwitch-Operational","13940","7232","<HOST>","S-1-5-18","7/15/2024 4:04:06 PM",,,"Microsoft-Windows-Hyper-V-VmSwitch-Operational","System.UInt32[]","System.Diagnostics.Eventing.Reader.EventBookmark","5","0","Ioctl End","System.Collections.ObjectModel.ReadOnlyCollection`1[System.String]","System.Collections.Generic.List`1[System.Diagnostics.Eventing.Reader.EventProperty]"
"Ioctl Begin

ioctlCode: 0x0000081f","0","0",,"5","0","0","0","47","Microsoft-Windows-Hyper-V-VmSwitch","67dc0d66-3695-47c0-9642-33f76f7bd7ad","Microsoft-Windows-Hyper-V-VmSwitch-Operational","13940","7232","<HOST>","S-1-5-18","7/15/2024 4:04:06 PM",,,"Microsoft-Windows-Hyper-V-VmSwitch-Operational","System.UInt32[]","System.Diagnostics.Eventing.Reader.EventBookmark","5","0","Ioctl Begin","System.Collections.ObjectModel.ReadOnlyCollection`1[System.String]","System.Collections.Generic.List`1[System.Diagnostics.Eventing.Reader.EventProperty]"
