{
  "date_local": "2024-07-16 14:43:55.5060186 +0000 UTC",
  "date_utc": "2024-07-16 14:43:55.5060186 +0000 UTC",
  "date_unix": 1721141035,
  "os_arch": "amd64",
  "os_name": "windows",
  "os_variant": "Microsoft Windows 10 Pro",
  "os_version": "10.0.19045",
  "os_kernel_version": "10.0.19041.4648",
  "os_build_number": "19045",
  "time_boot": "0001-01-01 00:00:00 +0000 UTC",
  "time_up_seconds": 63856737835,
  "hypervisor_status": "",
  "virt_system": "hyper-v",
  "mem_total": 472445227008,
  "mem_free": 459771011072,
  "cpu_cores": 18,
  "cpu_threads": 36,
  "cpu_family": "AMD64 Family 25 Model 1 Stepping 1",
  "cpu_model": "AMD64 Family 25 Model 1 Stepping 1",
  "cpu_stepping": "AMD64 Family 25 Model 1 Stepping 1",
  "cpu_name": "AMD EPYC 74F3 24-Core Processor                ",
  "cpu_flags": null
}
